:020000040800F2
:100000000000032071220008C922000841210008D5
:100010004921000851210008592100080000000072
:100020000000000000000000000000006121000846
:100030006F210008000000007D2100088B210008CE
:10004000C9220008C9220008C92200081D21000891
:10005000C9220008C9220008C9220008C9220008D4
:10006000C9220008C9220008C9220008C9220008C4
:10007000C9220008C9220008C9220008C9220008B4
:10008000C9220008C9220008C9220008C9220008A4
:10009000C9220008C9220008C9220008C922000894
:1000A000C9220008C9220008C9220008C922000884
:1000B000C9220008C9220008C9220008C922000874
:1000C000C9220008C9220008C9220008C922000864
:1000D000C9220008C9220008C9220008C922000854
:1000E00097210008C9220008C9220008C922000877
:1000F0002921000835210008A7210008C92200088D
:10010000C9220008C9220008C9220008C922000823
:10011000C9220008C9220008C9220008C922000813
:10012000C9220008C9220008C9220008C922000803
:0C013000C9220008C9220008C9220008EA
:10013C0010B5054C237833B9044B13B10448AFF315
:10014C0000800123237010BD140900200000000062
:10015C0064AB000808B5034B1BB103490348AFF36C
:10016C00008008BD000000001809002064AB0008E6
:10017C00034613F8012B002AFBD1181A01387047DB
:10018C0053B94AB9002908BF00281CBF4FF0FF31F2
:10019C004FF0FF3000F06AB9ADF1080C6DE904CEF8
:1001AC0000F006F8DDF804E0DDE9022304B0704746
:1001BC002DE9F047089D0C46002B4ED194468C45FA
:1001CC008646B2FA82F262D94AB1C2F1200391405A
:1001DC0020FA03F30CFA02FC194300FA02FE4FEA70
:1001EC001C471FFA8CF6B1FBF7F44FEA1E4307FBD2
:1001FC00141143EA014304FB06F199420AD91CEBA2
:10020C00030304F1FF3080F01281994240F20F8118
:10021C00023C6344591A1FFA8EF3B1FBF7F007FB4B
:10022C00101143EA014300FB06F69E420AD91CEB6F
:10023C00030300F1FF3180F0FC809E4240F2F98014
:10024C00634402389B1B40EA044000211DB1D3409B
:10025C000022C5E90032BDE8F0878B4205D90DB10B
:10026C00C5E9000100210846F5E7B3FA83F100293E
:10027C0046D1A34202D39042C0F0F080861A64EBC0
:10028C0003030120002DE6D0C5E90063E3E7002A53
:10029C0040F09080A1EB0C044FEA1C481FFA8CF73D
:1002AC000121B4FBF8F64FEA1E4308FB164443EA5F
:1002BC00044307FB06F0984208D91CEB030306F134
:1002CC00FF3402D2984200F2CD8026461C1A1FFA47
:1002DC008EF3B4FBF8F008FB104443EA044300FB34
:1002EC0007F79F4208D91CEB030300F1FF3402D23D
:1002FC009F4200F2B0802046DB1B40EA0640A5E797
:10030C00C1F120068B4022FA06F71F4320FA06FCA7
:10031C0004FA01F343EA0C03F44000FA01F8380C38
:10032C004FEA1349B4FBF0FE1FFA87FC00FB1E4496
:10033C0049EA04440EFB0CF9A14502FA01F20AD970
:10034C003C190EF1FF3A80F08480A14540F2818087
:10035C00AEF1020E3C44A4EB09041FFA83F9B4FB82
:10036C00F0F300FB134449EA044403FB0CFCA445E2
:10037C0007D93C1903F1FF3067D2A44565D9023B7C
:10038C003C4443EA0E40A0FB0293A4EB0C049C42B9
:10039C00CE469C4651D34ED055B1B8EB0E0364EB10
:1003AC000C0404FA06F6CB401E43CC40C5E90064AD
:1003BC00002150E7C2F1200320FA03F10CFA02FCF1
:1003CC0024FA03F394400C434FEA1C4800FA02FE53
:1003DC001FFA8CF7B3FBF8F008FB1031230C43EA3F
:1003EC00014300FB07F1994208D91CEB030300F110
:1003FC00FF362CD299422AD9023863445B1AA4B234
:10040C00B3FBF8F108FB113344EA034401FB07F397
:10041C00A34208D91CEB040401F1FF3613D2A3420A
:10042C0011D902396444E41A41EA004139E704461F
:10043C00F0E6084606E7C845AED2B9EB020E63EB10
:10044C00070C0138A8E73146EDE7034699E730463B
:10045C00D4E7D6467FE7634402384DE70646234689
:10046C0008460FE7023E634430E700BF704700BF09
:10047C00B0B588B000AF0B4B3C1D1D460FCD0FC463
:10048C0095E8070003C422800234130C237008F093
:10049C006DFE3B1D184608F008F900BF2037BD461D
:1004AC00B0BD00BF7CAB000880B483B000AF7860F7
:1004BC00074BD3F8803023F0070205497B681343C0
:1004CC00C1F8803000BF0C37BD465DF8047B704727
:1004DC000004005880B483B000AF7860064BD3F8AA
:1004EC00902005497B681343C1F8903000BF0C374E
:1004FC00BD465DF8047B70470008005880B483B09B
:10050C0000AF78604FF0B0430A4AC3F89C204FF01C
:10051C00B043D3F89C3023F47C527B681B024FF021
:10052C00B0411343C1F89C3000BF0C37BD465DF899
:10053C00047B7047FECAFECA80B483B000AF7860FB
:10054C004FF0B0439B6823F400424FF0B0417B68FE
:10055C0013438B6000BF0C37BD465DF8047B7047BE
:10056C0080B400AF4FF0B043D3F890304FF0B042AE
:10057C0043F48033C2F8903000BFBD465DF8047B75
:10058C00704780B400AF4FF0B043D3F890304FF0C9
:10059C00B04223F48033C2F8903000BFBD465DF802
:1005AC00047B704780B400AF4FF0B043D3F8943065
:1005BC0003F08063B3F1806F01D1012300E00023CD
:1005CC001846BD465DF8047B704780B400AF4FF011
:1005DC00B043D3F8943003F08053B3F1805F01D172
:1005EC00012300E000231846BD465DF8047B7047EC
:1005FC0080B485B000AF78604FF0B0431A6D4FF007
:10060C00B0417B6813430B654FF0B0431A6D7B68A8
:10061C001340FB60FB6800BF1437BD465DF8047BDC
:10062C007047000080B400AF044B1B68C3F30B038E
:10063C001846BD465DF8047B704700BF002004E0FF
:10064C0080B400AF044B1B681B0C9BB21846BD4614
:10065C005DF8047B704700BF002004E080B483B0D9
:10066C0000AF786039607B685A683B681B041A439A
:10067C007B685A6000BF0C37BD465DF8047B704741
:10068C0080B483B000AF786039607B685A683B688F
:10069C001A437B685A6000BF0C37BD465DF8047B7B
:1006AC00704780B483B000AF786039607B685A695A
:1006BC003B681B041A437B685A6100BF0C37BD466C
:1006CC005DF8047B704780B483B000AF786039600C
:1006DC007B685A693B681A437B685A6100BF0C37C8
:1006EC00BD465DF8047B704780B483B000AF786082
:1006FC0039607B683A689A6000BF0C37BD465DF87C
:10070C00047B704780B483B000AF786039607B683D
:10071C003A689A6100BF0C37BD465DF8047B7047A0
:10072C0080B400AF054B1B69044A23F0040313612A
:10073C0000BFBD465DF8047B704700BF00ED00E0D4
:10074C0080B483B000AF78607B68FF225A6200BF30
:10075C000C37BD465DF8047B704780B483B000AFA6
:10076C0078607B68CA225A627B6853225A6200BF47
:10077C000C37BD465DF8047B704780B483B000AF86
:10078C00786039607B689B6823F007023B681A43EA
:10079C007B689A6000BF0C37BD465DF8047B7047E0
:1007AC0080B500AF044B4FF400421A6100F037F8EB
:1007BC0000F076F800BF80BD0040005880B500AF57
:1007CC0000F082F800F09AF80349002000F0DEFDFA
:1007DC0000F0A2F800BF80BD880A002080B400AFF2
:1007EC0000BFBD465DF8047B704780B500AF50205C
:1007FC00FFF770FE00BF80BD80B582B000AF03462E
:10080C00FB80FB88B3F5805F04D1002102200AF045
:10081C004DF800E000BF00BF0837BD4680BD80B575
:10082C0000AF00F004F800F019F800BF80BD80B5EF
:10083C0000AFFFF7B7FE0346002B0DD0FFF7C5FE48
:10084C000346002B08D103F007F903F005F9FFF775
:10085C0087FEFFF796FE00BF00BF80BD80B500AFDE
:10086C004FF48010FFF7C4FE3F210C48FFF73CFF0C
:10087C003F210A48FFF746FF3F210848FFF7EEFEED
:10088C003F210648FFF70DFF3F210448FFF7F8FE14
:10089C003F210248FFF717FF00BF80BD000C005836
:1008AC0080B582B000AF002008F0ECFC78607B686B
:1008BC00002B05D07B689B791846FFF71FFE00BF05
:1008CC0000BF0837BD4680BD80B500AFFFF786FF7F
:1008DC00FFF78BFF00F002F800BF80BD80B500AFC2
:1008EC000548FFF73AFF00210348FFF746FF02488F
:1008FC00FFF726FF00BF80BD0028004080B500AF89
:10090C004FF40040FFF718FE09F070FE0420FFF7CB
:10091C00CBFD00BF80BD000080B588B000AF08F0F3
:10092C006FFA114A0021102009F09EFF0F4B3B601B
:10093C000F4B7B603B4619460E4808F027F90E4BCF
:10094C00BB600E4BFB600E4B3B6140F23C537B613A
:10095C0007F10803184608F095FB08F04BFA00BFA6
:10096C002037BD4680BD00BFD18B00088C05002010
:10097C0091090008A9090008A40700209806002086
:10098C005000002080B483B000AF0346FB7100BF61
:10099C000C37BD465DF8047B7047000080B588B00D
:1009AC0000AF78607B685B680B33FB61FB691B886D
:1009BC009BB2A3F51243072B1FD801A252F823F0C8
:1009CC00ED090008FF090008070A0008070A0008DB
:1009DC00070A0008070A0008070A0008070A0008A7
:1009EC0007F10C03184607F08DFE786800F01BF831
:1009FC0004E0786800F006F800E000BF00BF203784
:100A0C00BD4680BD80B485B000AF78607B685B6804
:100A1C000B33FB60FB680233BB6000BF1437BD4671
:100A2C005DF8047B704780B58AB000AF786007F141
:100A3C00080300221A605A609A60DA6000237B6215
:100A4C0000233B627B685B680B33FB61FB69023301
:100A5C00BB61BB691B78002B1DD1FFF709FD0F2370
:100A6C003B727F23BB72FFF7EBFD78627B6A9BB214
:100A7C00BB82FFF7D7FD38623B6A9BB2FB8207F162
:100A8C000803184607F028FE08F006FD0021012097
:100A9C0009F0BEFD07E0BB691B78012B03D17B6815
:100AAC0000221A7000BF00BF2837BD4680BD80B53C
:100ABC0084B000AF786001F071FCB8607B68FB60BB
:100ACC00FB68B3F1FF3F0AD001F080FC03461A46E5
:100ADC00FB681344FB6002E0FFF722FE30BF01F01D
:100AEC005DFC0246BB68D31AFA689A42F4D800BF80
:100AFC0000BF1037BD4680BD80B400AF00BFBD46FF
:100B0C005DF8047B704780B582B000AF78603960C7
:100B1C004FF0FF3009F0ACFD00BF0837BD4680BD7B
:100B2C0080B582B000AF78600021102009F0BEFEC5
:100B3C0000BF0837BD4680BD80B582B000AF78607D
:100B4C00022009F01FFF00BF0837BD4680BD80B5ED
:100B5C0082B000AF7860022009F034FF00BF083784
:100B6C00BD4680BD80B483B000AF7860064BD3F82F
:100B7C00802005497B681343C1F8803000BF0C37D7
:100B8C00BD465DF8047B70470008005880B483B004
:100B9C0000AF7860054B1A6804497B6813430B60FF
:100BAC0000BF0C37BD465DF8047B70470008005849
:100BBC0080B483B000AF0D4B9B6A9BB27B600B4B38
:100BCC009B6A9BB23B6005E03B687B60074B9B6A72
:100BDC009BB23B607A683B689A42F5D13B681846F9
:100BEC000C37BD465DF8047B704700BF0028004001
:100BFC0080B485B000AF03460A46FB711346BB7147
:100C0C00BA791D4913465B001344DB000B441533C2
:100C1C001B78FB73FB7B062B09D0FA7B164913461A
:100C2C005B001344DB000B441433FA791A70FA7925
:100C3C00114913465B001344DB000B441533FA7B5C
:100C4C001A70FA790C4913465B001344DB000B4411
:100C5C001433BA791A70BA79074913465B001344F6
:100C6C00DB000B441533FA791A7000BF1437BD46FC
:100C7C005DF8047B704700BF3009002080B485B05C
:100C8C0000AF03460A46FB711346BB71294B1B7818
:100C9C00DBB2BA799A4232D0BA79274913465B0053
:100CAC001344DB000B4414331B78FB73FA7B22498F
:100CBC0013465B001344DB000B441533FA791A70AE
:100CCC00FA791D4913465B001344DB000B441533C2
:100CDC00BA791A70FA79184913465B001344DB0091
:100CEC000B441433FA7B1A70BA79134913465B0020
:100CFC001344DB000B441433FA791A7014E0FA79BC
:100D0C000D4913465B001344DB000B441533BA79D1
:100D1C001A70BA79084913465B001344DB000B4484
:100D2C001433FA791A7000BF1437BD465DF8047B92
:100D3C00704700BFC00900203009002080B584B086
:100D4C0000AF0346FB714E4B1B78DBB2062B18D160
:100D5C004B4B1B78DAB24B4B1A70494AFB79137028
:100D6C00FA79494913465B001344DB000B441533F5
:100D7C0006221A70454B4FF0FF321A600023FB819C
:100D8C0078E000F009F90346FB81FA793E491346F5
:100D9C005B001344DB000B4408331968FB89FA79B8
:100DAC001944394813465B001344DB0003440833F1
:100DBC001960FA79344913465B001344DB000B4489
:100DCC0008331B68BB602E4B1B78DBB219462E4ACE
:100DDC000B465B000B44DB00134408331B68BA68FA
:100DEC009A4237D3264B1B787B737A7B2649134662
:100DFC005B001344DB000B4415331B783B7313E08F
:100E0C007A7B214913465B001344DB000B441533FA
:100E1C001B787B737A7B1C4913465B001344DB0005
:100E2C000B4415331B783B733B7B062B0BD03A7B67
:100E3C00154913465B001344DB000B4408331B6855
:100E4C00BA689A42DCD27A7BFB7911461846FFF7D6
:100E5C00CFFE0FE00A4B1B78DAB2FB79114618462D
:100E6C00FFF70CFF064B1B78DAB2064B1A70044ADC
:100E7C00FB791370FB8918461037BD4680BD00BF47
:100E8C00C0090020C109002030090020C40900203D
:100E9C0080B485B000AF03460A46FB711346BB71A4
:100EAC00394B1B78DBB2FA799A4211D1364B1B784D
:100EBC00DAB2364B1A70FA79354913465B00134493
:100ECC00DB000B4415331B78DAB22F4B1A703EE063
:100EDC00FA792F4913465B001344DB000B4414339F
:100EEC001B78FB73FA792A4913465B001344DB0029
:100EFC000B4415331B78BB73F979FA7B24480B46EA
:100F0C005B000B44DB00034415331B78D8B220493B
:100F1C0013465B001344DB000B44153302461A7076
:100F2C00BB7B062B13D0F979BA7B19480B465B00B7
:100F3C000B44DB00034414331B78D8B2144913461A
:100F4C005B001344DB000B44143302461A70FA792D
:100F5C000F4913465B001344DB000B440C33012296
:100F6C001A70094B1B78DBB2062B07D1BB79002B0F
:100F7C0004D1084B4FF0FF321A6000BF00BF14378A
:100F8C00BD465DF8047B7047C0090020C1090020F4
:100F9C0030090020C409002080B582B000AF1A4B84
:100FAC001B68B3F1FF3F26D0FFF702FE7860164BAB
:100FBC001B687A689A4205D8134B1A687B68D31A57
:100FCC007B600AE0114B1B881A467B68D31A3B6086
:100FDC000D4B1B683A6813447B600D4B1B781A460B
:100FEC007B6802FB03F37B600A4B1B781A467B6819
:100FFC00D3407B6001E000237B607B689BB218468A
:10100C000837BD4680BD00BFC4090020CC090020B4
:10101C00CA090020C909002080B582B000AF034680
:10102C00FB80FB88002B08D1FFF7C2FD0346214A49
:10103C001360032002F0F1F939E0FB88012B03D88F
:10104C001D4B1B78012B02D0FB88013BFB8000BFA2
:10105C001A4B1B68DB6803F00403002BF8D0174B0A
:10106C001B68DB68DAB2154B1B6862F49062DA60BD
:10107C00134B4FF40022DA60032002F0DCF9114B21
:10108C005B691B0C1B04FA880E4913434B61FFF779
:10109C008FFD0346074A1360084B1B689A68074B81
:1010AC001B6842F480629A60AFF3008000BF08377F
:1010BC00BD4680BDC4090020C9090020880A002053
:1010CC00000800580028004080B584B000AF454BA4
:1010DC009B6803F48063B3F5806F07D100BF424B6C
:1010EC001B68DB6803F00403002BF8D13E4B1B6834
:1010FC009A683D4B1B6822F480629A603B4B1B78CC
:10110C00FB73FA7B3A4913465B001344DB000B4438
:10111C0008331B68BB60FFF73FFF0346FB80FB886F
:10112C00BA689A4205D20023BB81324B01221A7055
:10113C004DE0FB88304A128892B213441A46BB68C1
:10114C00934206D92C4B1B88BB812A4B00221A7068
:10115C003DE0BB689AB2FB88D31ABB81254B0122B8
:10116C001A7034E0FA7B224913465B001344DB000F
:10117C000B4408331A68FB889A420AD2FA7B1C4942
:10118C0013465B001344DB000B44083300221A6047
:10119C0013E0FA7B164913465B001344DB000B4447
:1011AC0008331968FB88FA7BC91A114813465B008F
:1011BC001344DB00034408331960FA7B0C491346D3
:1011CC005B001344DB000B4415331B78FB73FB7B78
:1011DC00062BC7D1BB891846FFF71EFF00BF10377F
:1011EC00BD4680BD00280040880A0020C0090020B0
:1011FC0030090020C8090020CE09002080B58AB033
:10120C0000AFEFF310837B617B697B6272B600BF2A
:10121C00594B1B68CA225A62574B1B6853225A629D
:10122C00554B1B689A68544B1B6822F480629A6079
:10123C00524B1B7887F8233097F8232050491346DC
:10124C005B001344DB000B440C331B78DBB2022B2A
:10125C006ED197F823204A4913465B001344DB00F8
:10126C000B441B68FB6197F82320454913465B0030
:10127C001344DB000B4410331B68BB61414B1B78E0
:10128C00DBB2002B4CD097F823203D4913465B0072
:10129C001344DB000B440D331B78DBB2012B24D140
:1012AC0097F8233001211846FFF7F2FD7B6A3B616A
:1012BC003B6983F3108800BF97F82320304913460D
:1012CC005B001344DB000B4404331A6897F823309B
:1012DC001146184600F032FA274B1B68CA225A6294
:1012EC00254B1B6853225A6212E07B6AFB60FB6839
:1012FC0083F3108800BF97F82330184600F09AF952
:10130C001D4B1B68CA225A621B4B1B6853225A6224
:10131C0097F82330FA691946B86900F095FA22E07B
:10132C00FFF7D2FE7B6ABB60BB6883F310881AE0C0
:10133C0000BF114B1B68DB6803F00403002BF8D0D3
:10134C000D4B1B68DB68DAB20B4B1B6862F49062C6
:10135C00DA600D4B4FF40022DA607B6A7B607B68AD
:10136C0083F3108800BF044B1B68FF225A6200BF36
:10137C002837BD4680BD00BF880A0020C009002068
:10138C0030090020C80900200008005880B588B03A
:10139C0000AF03463960FB715E4B1B68CA225A6270
:1013AC005C4B1B6853225A625B4B9B685A4A43F056
:1013BC0020039360584B9B68DBB203F00703DBB24E
:1013CC00C3F10403DAB2554B1A70534B1B6903F487
:1013DC00FE034FF4FE023A613A6992FAA2F2FA6005
:1013EC00FA687A617A69002A01D1202203E07A69CD
:1013FC00B2FA82F2D2B2D340DBB20133DAB2484B4A
:10140C001A70454B1B699BB2C3F30E039BB201339D
:10141C009AB2444B1A80434B1B88013B404A1278CA
:10142C0002FB03F3A3F5A0733C4A1278D340BB61D3
:10143C00BB694FF6FE72934204D93B4B4FF6FF72D9
:10144C001A8003E0BB699AB2374B1A804FF4002024
:10145C00FFF79CFB4FF40020FFF784FBFB79002B7C
:10146C003DD1324B01221A70314B4FF0FF321A60D2
:10147C000023FB770CE0FA7F2E4913465B001344E4
:10148C00DB000B440C3300221A70FB7F0133FB771B
:10149C00FB7F052BEFD9284B06221A701D4B1B68BE
:1014AC009A681C4B1B6822F480629A60194B1B686B
:1014BC00DB68DAB2174B1B6862F49062DA601F4B80
:1014CC004FF40022DA60032001F0B5FF114B1B68CA
:1014DC009A68104B1B6842F480429A6009E00D4BED
:1014EC001B68DB6803F48063002B02D0032001F03F
:1014FC0094FF084B1B68FF225A6200220321032031
:10150C0001F049FF032001F060FF00BF2037BD460A
:10151C0080BD00BF880A002000280040C9090020B7
:10152C00CA090020CC090020CE090020C8090020DF
:10153C00C409002030090020C00900200008005810
:10154C0080B48BB000AFF860B9603B601346FB71A0
:10155C00002387F82630EFF31083FB61FB693B62B5
:10156C0072B600BF04E097F82630013387F82630B6
:10157C0097F82630052B0CD897F826202C491346C3
:10158C005B001344DB000B440C331B78DBB2002BE9
:10159C00E9D197F82630062B38D097F82620244925
:1015AC0013465B001344DB000B440C3301221A700E
:1015BC003B6ABB61BB6983F3108800BF97F8262098
:1015CC001B4913465B001344DB000B441033FA68D1
:1015DC001A6097F82620164913465B001344DB006B
:1015EC000B440D33FA791A7097F8262010491346DC
:1015FC005B001344DB000B443A681A60BB6897F835
:10160C0026201A70002387F8273008E03B6A7B619C
:10161C007B6983F3108800BF012387F8273097F884
:10162C00273018462C37BD465DF8047B704700BF49
:10163C003009002080B586B000AF0346FB71EFF394
:10164C001083FB60FB687B6172B600BF032001F066
:10165C00CAFE344B1B68CA225A62324B1B68532297
:10166C005A62FA79304913465B001344DB000B4491
:10167C000C331B78DBB2022B42D1FB7900211846CC
:10168C00FFF706FC294B1B78FB74FB7C062B2FD138
:10169C00274B9B6803F48063B3F5806F07D100BFC1
:1016AC00204B1B68DB6803F00403002BF8D11D4BA7
:1016BC001B689A681B4B1B6822F480629A6000BFFF
:1016CC00184B1B68DB6803F00403002BF8D0154B98
:1016DC001B68DB68DAB2134B1B6862F49062DA6049
:1016EC00144B4FF40022DA60032001F0A4FE07E053
:1016FC00114B1B78DBB2FA7C9A4201D0FFF7E4FC69
:10170C00084B1B68FF225A62032001F05EFE7B69C6
:10171C00BB60BB6883F3108800BF00BF1837BD46A1
:10172C0080BD00BF880A002030090020C0090020BD
:10173C000028004000080058C109002080B586B080
:10174C0000AF03463960FB71FA793B4913465B00E5
:10175C001344DB000B440C331B78DBB2022B03D19C
:10176C00FB791846FFF766FFEFF31083FB60FB680D
:10177C007B6172B600BF032001F035FE2F4B1B6856
:10178C00CA225A622D4B1B6853225A62FA792A4993
:10179C0013465B001344DB000B440C3302221A701B
:1017AC00FA79254913465B001344DB000B440833DC
:1017BC003A681A60FA79204913465B001344DB003F
:1017CC000B4404333A681A60FB791846FFF7B6FAF3
:1017DC0003467B821A4B1B787B741A4B1B78DBB24B
:1017EC007A7C9A4202D0FFF76FFC13E0FA79124927
:1017FC0013465B001344DB000B44083319687B8AE7
:10180C00FA79C91A0C4813465B001344DB000344F5
:10181C0008331960094B1B68FF225A62032001F040
:10182C00D4FD7B69BB60BB6883F3108800BF00BF2D
:10183C001837BD4680BD00BF30090020880A002043
:10184C00C0090020C109002080B584B000AFF86049
:10185C000B467A60FB727B68984700BF1037BD4619
:10186C0080BD80B485B000AF78604FF0B0439A6C07
:10187C004FF0B0417B6813438B644FF0B0439A6CCC
:10188C007B681340FB60FB6800BF1437BD465DF8F6
:10189C00047B704780B485B000AF78604FF0B043E4
:1018AC00DA6C4FF0B0417B681343CB644FF0B0431C
:1018BC00DA6C7B681340FB60FB6800BF1437BD46D5
:1018CC005DF8047B704780B500AF00F0F9FCFEF7C3
:1018DC0067FF00F019F800F087F800F027FA00F025
:1018EC0003FA00F077F900F04BF900F0B1F900F0D1
:1018FC009BF800F0FDF800F03BF9FEF75FFF4FF0AE
:10190C00FF3008F0B5FEFAE780B59AB000AF07F1EA
:10191C00200348220021184609F0E4F83B1D002260
:10192C001A605A609A60DA601A615A619A614FF0D3
:10193C00B043DB684FF0B04223F07003D3604FF03C
:10194C00B043DB6823F003034FF0B04243F00103D4
:10195C00D360244B1B6823F4C063224A43F4007306
:10196C001360204B1B6803F4C0633B603B682B2364
:10197C003B624FF480337B624FF48073FB62012334
:10198C00FB6340233B6300233B6460237B640523A0
:10199C007B630023FB6407F12003184602F0F0FB85
:1019AC000346002B01D000F033FA6F237B60022337
:1019BC00BB600023FB6000233B6100237B610023A1
:1019CC00BB610023FB613B1D0121184602F04CFF5B
:1019DC000346002B01D000F01BFA00BF6837BD4650
:1019EC0080BD00BF0004005880B594B000AF3B46EA
:1019FC0050220021184609F075F84FF440533B6013
:101A0C004FF440437B640023BB641023FB643B46D0
:101A1C00184603F066FB0346002B01D000F0F8F9E2
:101A2C0000BF5037BD4680BD80B586B000AF3B4689
:101A3C0000221A605A609A60DA601A615A61294B66
:101A4C00294A1A60274B00225A60264B00229A60C2
:101A5C00244B0022DA60234B00221A61214B042212
:101A6C005A61204B00221A761E4B00225A761D4BCF
:101A7C000122DA611B4B002283F82020194B002233
:101A8C009A62184B0022DA62164B002283F830203F
:101A9C00144B00225A63134B002283F83820114850
:101AAC0000F02CFE0346002B01D000F0B1F90F4BD7
:101ABC003B6006237B600023BB607F23FB60042319
:101ACC003B6100237B613B461946064800F062FFF0
:101ADC000346002B01D000F09BF900BF1837BD4620
:101AEC0080BD00BFD00900200000045000018021FF
:101AFC0080B500AF1B4B1C4A1A601A4B1B4A5A602C
:101B0C00184B00229A60174B0122DA60154B002209
:101B1C001A61144B00225A61124B00229A61114B2C
:101B2C000022DA610F4B00221A620E4801F06EFEA1
:101B3C000346002B01D000F06BF90021094801F09D
:101B4C00F4FE0346002B01D000F062F90021054899
:101B5C0001F036FF0346002B01D000F059F900BF0D
:101B6C0080BD00BF340A002000540040BB7C7000D4
:101B7C0080B400AF00BFBD465DF8047B7047000029
:101B8C0080B500AF114B124A1A60104B00225A60FC
:101B9C000E4B0F229A600D4B47F6FF72DA600B4B1F
:101BAC0000221A61094B00229A61084B0022DA616B
:101BBC00064B00225A61054803F01AFD0346002B20
:101BCC0001D000F025F900BF80BD00BF880A0020BD
:101BDC000028004080B500AF1B4B1C4A1A601A4B02
:101BEC004FF482725A60184B00229A60164B4FF4D5
:101BFC00E062DA60144B00221A61134B01225A6125
:101C0C00114B4FF400729A610F4B0822DA610E4BA4
:101C1C0000221A620C4B00225A620B4B00229A6271
:101C2C00094B0722DA62084B00221A63064B082282
:101C3C005A63054803F0DCFD0346002B01D000F08D
:101C4C00E7F800BF80BD00BFAC0A002000300140A7
:101C5C0080B500AF224B234A1A60214B4FF4E1327E
:101C6C005A601F4B00229A601D4B0022DA601C4BFD
:101C7C0000221A611A4B0C225A61194B00229A61EC
:101C8C00174B0022DA61164B00221A62144B002209
:101C9C005A62134B00229A62114804F051FB03461E
:101CAC00002B01D000F0B4F800210D4805F01CF811
:101CBC000346002B01D000F0ABF80021084805F0DA
:101CCC0051F80346002B01D000F0A2F8044804F0B0
:101CDC00D2FF0346002B01D000F09AF800BF80BD64
:101CEC00100B00200038014080B500AF0420FFF736
:101CFC00B8FD0120FFF7B5FD002200210B2001F0FB
:101D0C004AFB0B2001F061FB002200210C2001F0AA
:101D1C0042FB0C2001F059FB002200210D2001F0A8
:101D2C003AFB0D2001F051FB00BF80BD80B586B0A1
:101D3C0000AF3B1D00221A605A609A60DA601A618B
:101D4C000220FFF7A7FD0120FFF7A4FD00224FF4AE
:101D5C0002614FF0904001F005FD10237B600023E1
:101D6C00BB600023FB603B1D19464FF0904001F017
:101D7C0071FB4FF402637B600123BB600023FB60AB
:101D8C0000233B613B1D19464FF0904001F062FB74
:101D9C004FF480537B604FF48813BB600023FB60CF
:101DAC003B1D19464FF0904001F054FB00220021DE
:101DBC00282001F0F0FA282001F007FB002208216E
:101DCC00124801F0CFFC08237B600023BB6000238A
:101DDC00FB603B1D19460D4801F03CFB0122042120
:101DEC004FF0904001F0BEFC04237B600123BB60EC
:101DFC000023FB6000233B613B1D19464FF09040D4
:101E0C0001F028FB00BF1837BD4680BD0004004818
:101E1C0080B400AF72B600BF00BFFDE780B400AF66
:101E2C004FF0B043D3F890304FF0B04243F400433E
:101E3C00C2F8903000BFBD465DF8047B704780B49B
:101E4C0085B000AF78604FF0B043DA6C4FF0B04122
:101E5C007B681343CB644FF0B043DA6C7B68134060
:101E6C00FB60FB6800BF1437BD465DF8047B704710
:101E7C0080B485B000AF78604FF0B0431A6D4FF06E
:101E8C00B0417B6813430B654FF0B0431A6D7B6810
:101E9C001340FB60FB6800BF1437BD465DF8047B44
:101EAC00704780B485B000AF78604FF0B0439A6D46
:101EBC004FF0B0417B6813438B654FF0B0439A6D84
:101ECC007B681340FB60FB6800BF1437BD465DF8B0
:101EDC00047B704780B485B000AF78604FF0B0439E
:101EEC001A6E4FF0B0417B6813430B664FF0B04352
:101EFC001A6E7B681340FB60FB6800BF1437BD464D
:101F0C005DF8047B704780B500AF4FF40020FFF7FD
:101F1C00AFFF002200212E2001F03DFA2E2001F00F
:101F2C0054FA00BF80BD000080B59CB000AF786053
:101F3C0007F15C0300221A605A609A60DA601A6139
:101F4C0007F10C0350220021184608F0CBFD7B68EA
:101F5C001B681C4A934231D14FF48063FB601823F9
:101F6C003B614FF400337B614FF00073BB614FF06A
:101F7C000053FB614FF080533B624FF08053BB64C6
:101F8C0007F10C03184603F0ACF80346002B01D004
:101F9C00FFF73EFF4FF40050FFF751FF0120FFF712
:101FAC004EFF0823FB6503233B6600237B6607F18A
:101FBC005C0319464FF0904001F04CFA00BF7037AB
:101FCC00BD4680BD0000045080B59CB000AF786069
:101FDC0007F15C0300221A605A609A60DA601A6199
:101FEC0007F10C0350220021184608F07BFD7B689A
:101FFC001B68164A934225D10423FB60144BFB62E9
:10200C0007F10C03184603F06CF80346002B01D0C3
:10201C00FFF7FEFE0220FFF712FF4FF44073FB6543
:10202C0012233B6600237B660023BB660423FB66FE
:10203C0007F15C031946074801F00CFA4FF4001045
:10204C00FFF72FFF00BF7037BD4680BD0054004026
:10205C00000203000004004880B596B000AF786021
:10206C0007F1080350220021184608F03BFD7B685D
:10207C001B680E4A934215D14FF40063BB604FF4BA
:10208C000073BB6407F10803184603F02AF80346F3
:10209C00002B01D0FFF7BCFEFFF7C0FE4FF48060B1
:1020AC00FFF7FFFE00BF5837BD4680BD002800403B
:1020BC0080B588B000AF786007F10C0300221A607D
:1020CC005A609A60DA601A617B681B680F4A934207
:1020DC0017D14FF48050FFF7FDFE0120FFF7AFFE44
:1020EC00C223FB6002233B6100237B610023BB61A5
:1020FC000523FB6107F10C0319464FF0904001F0EA
:10210C00A9F900BF2037BD4680BD00BF003001409B
:10211C0080B500AFFFF772F800BF80BD80B500AF8F
:10212C0008F026F900BF80BD80B500AF08F056F965
:10213C0000BF80BD80B400AF00BFFDE780B400AF2E
:10214C0000BFFDE780B400AF00BFFDE780B400AF77
:10215C0000BFFDE780B400AF00BFBD465DF8047B57
:10216C00704780B400AF00BFBD465DF8047B70477C
:10217C0080B400AF00BFBD465DF8047B704780B5EE
:10218C0000AF00F0F7F800BF80BD80B500AF4FF492
:10219C00805001F0FFFA00BF80BD80B500AF01F0A8
:1021AC0011FB00BF80BD000080B400AF244BD3F8FE
:1021BC008830234A43F47003C2F888304FF0B043A0
:1021CC001B684FF0B04243F0010313604FF0B04373
:1021DC004FF4E0229A604FF0B0431A684FF0B041D0
:1021EC00184B13400B604FF0B043D3F894304FF0C2
:1021FC00B04223F00503C2F894304FF0B043D3F84B
:10220C0098304FF0B04223F00103C2F898304FF0F1
:10221C00B0430D4ADA604FF0B0430B4A1A614FF0ED
:10222C00B0431B684FF0B04223F4802313604FF08F
:10223C00B04300229A6100BFBD465DF8047B704735
:10224C0000ED00E0FBFEF6FA00100422D458C45056
:10225C000433C4188C42F9D37047036004308842AD
:10226C00FBD370470C488546FFF79EFF0B480C4983
:10227C000C4A0023FFF7EDFF0B480C490C4A0023D6
:10228C00FFF7E7FF0B480C490023FFF7E8FF08F0C6
:10229C0031FCFFF718FBFEE70000032008000020CC
:1022AC003C00002058AE0008E3010320E3010320AA
:1022BC005DB7000814090020E40E0020FEE70000C2
:1022CC0080B582B000AF0023FB710C4B1B680B4A2E
:1022DC0043F480731360032001F052F80F2000F0D8
:1022EC000FF80346002B02D00123FB7101E0FFF72E
:1022FC000AFEFB7918460837BD4680BD00400058E1
:10230C0080B584B000AF78600023FB73174B1B784B
:10231C00002B24D002F054FC0246144B1B781946B7
:10232C004FF47A73B3FBF1F3B2FBF3F3184601F0FD
:10233C0068F80346002B0FD17B680F2B09D80022BD
:10234C0079684FF0FF3001F026F8094A7B6813607A
:10235C0007E00123FB7304E00123FB7301E001237D
:10236C00FB73FB7B18461037BD4680BD1000002068
:10237C000C00002080B400AF064B1B781A46064BAD
:10238C001B681344044A136000BFBD465DF8047B10
:10239C00704700BF10000020A40B002080B400AFD9
:1023AC00034B1B681846BD465DF8047B704700BFA5
:1023BC00A40B002080B400AF034B1B681846BD462D
:1023CC005DF8047B704700BF0C00002080B400AFA8
:1023DC00034B1B781846BD465DF8047B704700BF65
:1023EC001000002080B483B000AF786039607B6847
:1023FC009B6823F47C123B681A437B689A6000BF8D
:10240C000C37BD465DF8047B704780B483B000AFD9
:10241C00786039607B689B6823F0E0723B681A43F4
:10242C007B689A6000BF0C37BD465DF8047B704733
:10243C0080B483B000AF78607B689B6803F0E07376
:10244C0018460C37BD465DF8047B704780B487B0E6
:10245C0000AFF860B9607A603B60FB6860331A4685
:10246C00BB689B0013447B617B691A68084B134063
:10247C007A6802F0F8413A680A43134343F0004289
:10248C007B691A6000BF1C37BD465DF8047B704742
:10249C0000F0FF0380B485B000AF786039607B68D2
:1024AC0060331A463B689B001344FB60FB681B6857
:1024BC0003F0F84318461437BD465DF8047B7047AB
:1024CC0080B487B000AFF860B9607A60FB686033A5
:1024DC001A46BB689B0013447B617B691B6823F025
:1024EC0000427B681A437B691A6000BF1C37BD46EB
:1024FC005DF8047B704780B487B000AFF860B960BA
:10250C007A60FB6830331A46BB681B0A9B0003F0E9
:10251C000C0313447B617B691A68BB6803F01F03CF
:10252C001F2101FA03F3DB431A407B689B0E03F077
:10253C001F01BB6803F01F0301FA03F31A437B6905
:10254C001A6000BF1C37BD465DF8047B704780B431
:10255C0087B000AFF860B9607A60FB6814331A4634
:10256C00BB685B0E9B0003F0040313447B617B6927
:10257C001A68BB681B0D03F01F03072101FA03F354
:10258C00DB431A40BB681B0D03F01F03796801FA8B
:10259C0003F31A437B691A6000BF1C37BD465DF814
:1025AC00047B704780B485B000AFF860B9607A6086
:1025BC00FB68D3F8B020BB68C3F31203DB431A40AB
:1025CC007B6803F018030849D940BB680B40C3F380
:1025DC0012031A43FB68C3F8B02000BF1437BD4682
:1025EC005DF8047B704700BFFFFF070080B483B029
:1025FC0000AF78607B689B6823F0204323F03F0397
:10260C007A68936000BF0C37BD465DF8047B704759
:10261C0080B483B000AF78607B689B6803F0005394
:10262C00B3F1005F01D1012300E0002318460C3701
:10263C00BD465DF8047B704780B483B000AF786012
:10264C007B689B6823F0104323F03F0343F08052D8
:10265C007B689A6000BF0C37BD465DF8047B704701
:10266C0080B483B000AF78607B689B6803F08053C4
:10267C00B3F1805F01D1012300E0002318460C3731
:10268C00BD465DF8047B704780B483B000AF7860C2
:10269C007B689B6803F00103012B01D1012300E04F
:1026AC00002318460C37BD465DF8047B704780B498
:1026BC0083B000AF78607B689B6803F00403042B45
:1026CC0001D1012300E0002318460C37BD465DF80C
:1026DC00047B704780B483B000AF78607B689B68E4
:1026EC0003F00803082B01D1012300E00023184656
:1026FC000C37BD465DF8047B7047000080B588B090
:10270C0000AF78600023FB770023BB610023BB6024
:10271C007B68002B01D101232EE17B681B69002B08
:10272C007B685B6D002B09D17868FFF7FDFB7B683C
:10273C0000229A657B68002283F850207B681B6816
:10274C001846FFF765FF0346002B04D07B681B6817
:10275C001846FFF74BFF7B681B681846FFF780FF96
:10276C000346002B15D17B681B681846FFF764FFE6
:10277C00834B1B689B09834AA2FB03239B090133F0
:10278C005B00BB6002E0BB68013BBB60BB68002B1D
:10279C00F9D17B681B681846FFF762FF0346002BD4
:1027AC000DD17B685B6D43F010027B685A657B68CA
:1027BC009B6D43F001027B689A650123FB777B6874
:1027CC001B681846FFF773FF78617B685B6D03F03D
:1027DC001003002B40F0C7807B69002B40F0C380B6
:1027EC007B685B6D23F4817343F002027B685A654E
:1027FC007B681B681846FFF747FF0346002B0BD17D
:10280C006148FFF741FF0346002B05D17B685B68ED
:10281C0019465E48FFF7E6FD7B685B7E5A037B68D2
:10282C005B6B1A437B68DB681A437B689B681A43B3
:10283C007B6893F820301B041343BA691343BB61C4
:10284C007B6893F82030012B06D17B685B6A013BD7
:10285C005B04BA691343BB617B689B6A002B09D08C
:10286C007B689B6A03F470727B68DB6A1343BA69FA
:10287C001343BB617B681B68DA68454B13407A686D
:10288C001268B9690B43D3607B681B681846FFF765
:10289C000EFF38617B681B681846FFF71BFFF8605A
:1028AC003B69002B3DD1FB68002B3AD17B681B7E2A
:1028BC009A037B6893F830305B001343BB617B68F1
:1028CC001B68DB6823F4804323F002037A681268E8
:1028DC00B9690B43D3607B6893F83830012B18D15E
:1028EC007B681B681B6923F4FF6323F004037A687D
:1028FC00D16B7A68126C11437A68526C11437A6806
:10290C00926C0A431A437B681B6842F001021A61FD
:10291C0007E07B681B681A697B681B6822F0010260
:10292C001A617B681B69012B0CD17B681B681B6BC4
:10293C0023F00F017B68DB695A1E7B681B680A4316
:10294C001A6307E07B681B681A6B7B681B6822F0B4
:10295C000F021A637B685B6D23F0030343F00102E3
:10296C007B685A6507E07B685B6D43F010027B68FF
:10297C005A650123FB77FB7F18462037BD4680BD87
:10298C0008000020632D3E05000004500003045095
:10299C0007C0F0FF80B5B6B000AF78603960002397
:1029AC0087F8D7300023FB607B6893F85030012BFD
:1029BC0001D102239FE37B68012283F850207B68BE
:1029CC001B681846FFF773FE0346002B40F0848308
:1029DC007B6818683B6859683B681B681A46FFF7A8
:1029EC008AFD7B681B681846FFF761FEC7F8D000AC
:1029FC007B681B681846FFF76DFEC7F8CC00D7F84C
:102A0C00D030002B40F0A681D7F8CC30002B40F012
:102A1C00A1817B6818683B6819683B689B681A46FB
:102A2C00FFF795FD3B685A697B681B68DB68DB0820
:102A3C0003F003035B0002FA03F3C7F8C8303B68EA
:102A4C001B69042B0AD07B6818683B6819693B68C2
:102A5C001A68D7F8C830FFF7F9FC7BE17B681B6874
:102A6C0000211846FFF716FD0346C3F31203002B93
:102A7C000AD17B681B6800211846FFF70BFD034643
:102A8C009B0E03F01F021EE07B681B68002118469A
:102A9C00FFF700FD0346C7F8BC30D7F8BC3093FAFB
:102AAC00A3F3C7F8B830D7F8B830C7F8C030D7F8A8
:102ABC00C030002B01D1202304E0D7F8C030B3FA8A
:102ACC0083F3DBB21A463B681B68C3F31203002B7B
:102ADC0005D13B681B689B0E03F01F0318E03B6895
:102AEC001B68C7F8B030D7F8B03093FAA3F3C7F827
:102AFC00AC30D7F8AC30C7F8B430D7F8B430002BC2
:102B0C0001D1202304E0D7F8B430B3FA83F3DBB25D
:102B1C009A4206D17B681B68002200211846FFF7F9
:102B2C00CFFC7B681B6801211846FFF7B3FC0346FA
:102B3C00C3F31203002B0AD17B681B6801211846D2
:102B4C00FFF7A8FC03469B0E03F01F021EE07B68F8
:102B5C001B6801211846FFF79DFC0346C7F8A430FB
:102B6C00D7F8A43093FAA3F3C7F8A030D7F8A03065
:102B7C00C7F8A830D7F8A830002B01D1202304E0E7
:102B8C00D7F8A830B3FA83F3DBB21A463B681B685C
:102B9C00C3F31203002B05D13B681B689B0E03F09B
:102BAC001F0318E03B681B68C7F89830D7F89830BB
:102BBC0093FAA3F3C7F89430D7F89430C7F89C3045
:102BCC00D7F89C30002B01D1202304E0D7F89C309F
:102BDC00B3FA83F3DBB29A4206D17B681B680022FE
:102BEC0001211846FFF76CFC7B681B680221184614
:102BFC00FFF750FC0346C3F31203002B0AD17B688A
:102C0C001B6802211846FFF745FC03469B0E03F098
:102C1C001F021EE07B681B6802211846FFF73AFC76
:102C2C000346C7F88C30D7F88C3093FAA3F3C7F867
:102C3C008830D7F88830C7F89030D7F89030002B10
:102C4C0001D1202304E0D7F89030B3FA83F3DBB240
:102C5C001A463B681B68C3F31203002B05D13B6873
:102C6C001B689B0E03F01F0316E03B681B68C7F83C
:102C7C008030D7F8803093FAA3F3FB67FB6FC7F86B
:102C8C008430D7F88430002B01D1202304E0D7F80E
:102C9C008430B3FA83F3DBB29A4206D17B681B68AB
:102CAC00002202211846FFF70BFC7B681B680321EE
:102CBC001846FFF7EFFB0346C3F31203002B0AD1B0
:102CCC007B681B6803211846FFF7E4FB03469B0E49
:102CDC0003F01F0217E07B681B6803211846FFF7FF
:102CEC00D9FB03467B677B6F93FAA3F33B673B6F80
:102CFC00BB67BB6F002B01D1202303E0BB6FB3FA82
:102D0C0083F3DBB21A463B681B68C3F31203002B38
:102D1C0005D13B681B689B0E03F01F0311E03B6859
:102D2C001B68BB66BB6E93FAA3F37B667B6EFB667C
:102D3C00FB6E002B01D1202303E0FB6EB3FA83F36F
:102D4C00DBB29A4206D17B681B680022032118462D
:102D5C00FFF7B6FB7B681B681846FFF795FC03462C
:102D6C00002B40F0C2817B6818683B6819683B688F
:102D7C00DB681A46FFF716FC3B68DB688E4A934209
:102D8C0040F030817B6818683B681B68C3F3120302
:102D9C00002B0BD13B681B689B0E013303F01F0308
:102DAC00092B94BF01230023DBB219E03B681B689D
:102DBC00FB65FB6D93FAA3F3BB65BB6D3B663B6E8A
:102DCC00002B01D1202303E03B6EB3FA83F3DBB27B
:102DDC00013303F01F03092B94BF01230023DBB243
:102DEC00002B79D03B681B68C3F31203002B07D16F
:102DFC003B681B689B0E01339B0603F0F84215E001
:102E0C003B681B683B653B6D93FAA3F3FB64FB6C5F
:102E1C007B657B6D002B01D1202303E07B6DB3FA26
:102E2C0083F3DBB201339B0603F0F8423B681B686B
:102E3C00C3F31203002B09D13B681B689B0E0133B3
:102E4C0003F01F03012101FA03F317E03B681B6831
:102E5C007B647B6C93FAA3F33B643B6CBB64BB6CF1
:102E6C00002B01D1202303E0BB6CB3FA83F3DBB25C
:102E7C00013303F01F03012101FA03F342EA0301BA
:102E8C003B681B68C3F31203002B0AD13B681B6819
:102E9C009B0E013303F01F0213465B0013441B050A
:102EAC0018E03B681B68BB63BB6B93FAA3F37B63B3
:102EBC007B6BFB63FB6B002B01D1202303E0FB6BD3
:102ECC00B3FA83F3DBB2013303F01F0213465B004A
:102EDC0013441B050B4380E03B681B68C3F31203D0
:102EEC00002B07D13B681B689B0E01339B0603F03C
:102EFC00F84215E03B681B68FB62FB6A93FAA3F38C
:102F0C00BB62BB6A3B633B6B002B01D1202303E00C
:102F1C003B6BB3FA83F3DBB201339B0603F0F8424D
:102F2C003B681B68C3F31203002B09D13B681B6879
:102F3C009B0E013303F01F03012101FA03F317E089
:102F4C003B681B683B623B6A93FAA3F3FB61FB692A
:102F5C007B627B6A002B01D1202303E07B6AB3FAEE
:102F6C0083F3DBB2013303F01F03012101FA03F3F6
:102F7C0042EA03013B681B68C3F31203002B0DD11B
:102F8C003B681B689B0E013303F01F0213465B006A
:102F9C0013441E3B1B0543F000731DE03B681B688C
:102FAC007B617B6993FAA3F33B613B69BB61BB69B2
:102FBC00002B03D1202305E000007F40BB69B3FA4E
:102FCC0083F3DBB2013303F01F0213465B0013449F
:102FDC001E3B1B0543F000730B433A68926819467D
:102FEC00FFF7B5FA3B681A68454B1340002B7CD0B1
:102FFC004448FFF71DFAC7F8C4004348FFF744FBE9
:10300C000346002B5ED13B681B68404A934227D194
:10301C00D7F8C43003F40003002B21D17B681B6864
:10302C00394A934261D1D7F8C43043F400031946AE
:10303C003448FFF7EAF9364B1B689B09354AA2FB6B
:10304C0003239B095A1C13465B0013449B00FB6033
:10305C0002E0FB68013BFB60FB68002BF9D144E00C
:10306C003B681B682C4A934213D1D7F8C43003F049
:10307C008073002B0DD17B681B68234A934234D19B
:10308C00D7F8C43043F0807319461E48FFF7BDF9DA
:10309C002BE03B681B68214A934226D1D7F8C430F9
:1030AC0003F48003002B20D17B681B68164A9342E3
:1030BC001BD1D7F8C43043F4800319461148FFF7ED
:1030CC00A4F912E07B685B6D43F020027B685A65C3
:1030DC00012387F8D73008E07B685B6D43F0200252
:1030EC007B685A65012387F8D7307B68002283F808
:1030FC00502097F8D7301846D837BD4680BD00BF52
:10310C00000008800003045000000450000052C767
:10311C0008000020632D3E05000084CB01000080D8
:10312C0080B485B000AF78607B6803F00703FB6068
:10313C000C4BDB68BB60BA684FF6FF031340BB60F7
:10314C00FB681A02BB68134343F0BF6343F40033BC
:10315C00BB60044ABB68D36000BF1437BD465DF842
:10316C00047B704700ED00E080B400AF044BDB68DB
:10317C001B0A03F007031846BD465DF8047B704735
:10318C0000ED00E080B483B000AF0346FB7197F90B
:10319C000730002B0BDBFB7903F01F02074997F973
:1031AC0007305B09012000FA02F241F8232000BF2E
:1031BC000C37BD465DF8047B704700BF00E100E0B2
:1031CC0080B483B000AF0346FB7197F90730002B36
:1031DC0012DBFB7903F01F020A4997F907305B09F0
:1031EC00012000FA02F2203341F82320BFF34F8F65
:1031FC0000BFBFF36F8F00BF00BF0C37BD465DF83B
:10320C00047B704700E100E080B483B000AF03465C
:10321C00FB7197F90730002B0CDBFB7903F01F02D5
:10322C00074997F907305B09012000FA02F2403395
:10323C0041F8232000BF0C37BD465DF8047B704776
:10324C0000E100E080B483B000AF0346FB7197F956
:10325C000730002B0CDBFB7903F01F02074997F9B1
:10326C0007305B09012000FA02F2603341F8232099
:10327C0000BF0C37BD465DF8047B704700E100E0F1
:10328C0080B483B000AF03463960FB7197F9073007
:10329C00002B0ADB3B68DAB20C4997F907301201B4
:1032AC00D2B20B4483F800230AE03B68DAB2084937
:1032BC00FB7903F00F03043B1201D2B20B441A76D4
:1032CC0000BF0C37BD465DF8047B704700E100E0A1
:1032DC0000ED00E080B489B000AFF860B9607A60AE
:1032EC00FB6803F00703FB61FB69C3F10703042BC5
:1032FC0028BF0423BB61FB690433062B02D9FB698D
:10330C00033B00E000237B614FF0FF32BB6902FA04
:10331C0003F3DA43BB681A407B699A404FF0FF31E4
:10332C007B6901FA03F3D9437B680B4013431846BE
:10333C002437BD465DF8047B7047000080B582B031
:10334C0000AF78607B68013BB3F1807F01D3012330
:10335C000FE00A4A7B68013B53600F214FF0FF30AE
:10336C00FFF78EFF054B00229A60044B07221A6070
:10337C00002318460837BD4680BD00BF10E000E0B2
:10338C0080B582B000AF78607868FFF7C9FE00BFE7
:10339C000837BD4680BD80B586B000AF0346B96026
:1033AC007A60FB73FFF7E0FE78617A68B968786938
:1033BC00FFF790FF024697F90F3011461846FFF7BA
:1033CC005FFF00BF1837BD4680BD80B582B000AF2F
:1033DC000346FB7197F907301846FFF7D3FE00BF81
:1033EC000837BD4680BD80B582B000AF0346FB7187
:1033FC0097F907301846FFF7E3FE00BF0837BD46C4
:10340C0080BD80B582B000AF78607868FFF796FF1A
:10341C00034618460837BD4680BD80B582B000AF64
:10342C000346FB7197F907301846FFF7EDFE00BF16
:10343C000837BD4680BD80B582B000AF0346FB7136
:10344C0097F907301846FFF7FDFE00BF0837BD4659
:10345C0080BD000080B487B000AF78603960002375
:10346C007B614CE13B681A6801217B6901FA03F32B
:10347C001340FB60FB68002B00F03E813B685B68EF
:10348C0003F00303012B05D03B685B6803F00303D7
:10349C00022B30D17B689B683B617B695B0003220C
:1034AC0002FA03F3DB433A6913403B613B68DA6889
:1034BC007B695B0002FA03F33A6913433B617B6857
:1034CC003A699A607B685B683B6101227B6902FA0E
:1034DC0003F3DB433A6913403B613B685B681B09B0
:1034EC0003F001027B6902FA03F33A6913433B616F
:1034FC007B683A695A603B685B6803F00303032BF3
:10350C0017D07B68DB683B617B695B00032202FAA6
:10351C0003F3DB433A6913403B613B689A687B6970
:10352C005B0002FA03F33A6913433B617B683A6927
:10353C00DA603B685B6803F00303022B23D17B69E1
:10354C00DA087B68083253F822303B617B6903F060
:10355C0007039B000F2202FA03F3DB433A69134083
:10356C003B613B681A697B6903F007039B0002FA15
:10357C0003F33A6913433B617B69DA087B680832D1
:10358C00396943F822107B681B683B617B695B00DF
:10359C00032202FA03F3DB433A6913403B613B68B5
:1035AC005B6803F003027B695B0002FA03F33A6980
:1035BC0013433B617B683A691A603B685B6803F4B0
:1035CC004033002B00F09880544A7B699B080233EF
:1035DC0052F823303B617B6903F003039B000F22FD
:1035EC0002FA03F3DB433A6913403B617B68B3F1A6
:1035FC00904F19D07B684A4A934213D07B68494A52
:10360C0093420DD07B68484A934207D07B68474A67
:10361C00934201D1042308E0072306E0032304E0CE
:10362C00022302E0012300E000237A6902F0030286
:10363C00920093403A6913433B6138497B699B087C
:10364C0002333A6941F82320394B1B683B61FB6814
:10365C00DB433A6913403B613B685B6803F48013BE
:10366C00002B03D03A69FB6813433B61304A3B693A
:10367C0013602F4B5B683B61FB68DB433A6913407B
:10368C003B613B685B6803F40013002B03D03A6981
:10369C00FB6813433B61264A3B695360244BD3F8C8
:1036AC0080303B61FB68DB433A6913403B613B680C
:1036BC005B6803F48033002B03D03A69FB68134337
:1036CC003B611B4A3B69C2F88030194BD3F88430FC
:1036DC003B61FB68DB433A6913403B613B685B68C9
:1036EC0003F40033002B03D03A69FB6813433B61AE
:1036FC000F4A3B69C2F884307B6901337B613B68BC
:10370C001A687B6922FA03F3002B7FF4ABAE00BF7F
:10371C0000BF1C37BD465DF8047B704700000140BC
:10372C000004004800080048000C00480010004845
:10373C000008005880B485B000AF78600B467B80E1
:10374C007B681A697B881340002B02D00123FB7322
:10375C0001E00023FB73FB7B18461437BD465DF874
:10376C00047B704780B483B000AF78600B467B80DD
:10377C0013467B707B78002B03D07A887B689A6128
:10378C0002E07A887B689A6200BF0C37BD465DF810
:10379C00047B704780B582B000AF0346FB80084BBA
:1037AC00DA68FB881340002B06D0054AFB88D360EF
:1037BC00FB881846FDF720F800BF0837BD4680BDD2
:1037CC000008005880B582B000AF0A4BDB687B6004
:1037DC00084B1A687B68DB43064913400B60054AAB
:1037EC007B685360786800F007F800BF0837BD4667
:1037FC0080BD00BF0015005880B483B000AF786066
:10380C0000BF0C37BD465DF8047B704780B582B0B5
:10381C0000AF78607B68002B01D1012381E07B68CD
:10382C0093F84130DBB2002B06D17B68002283F881
:10383C0040207868FEF7C8FB7B68242283F841207F
:10384C007B681B681A687B681B6822F001021A608F
:10385C007B685A687B681B6822F070621A617B680F
:10386C001B689A687B681B6822F400429A607B682C
:10387C00DB68012B07D17B689A687B681B6842F474
:10388C0000429A6006E07B689A687B681B6842F489
:10389C0004429A607B68DB68022B04D17B681B684E
:1038AC004FF400625A607B681B685B687A68126828
:1038BC0043F0007343F4004353607B681B68DA6881
:1038CC007B681B6822F40042DA607B681A697B68AB
:1038DC005B6942EA03017B689B691A027B681B687F
:1038EC000A43DA607B68D9697B681A6A7B681B6853
:1038FC000A431A607B681B681A687B681B6842F075
:10390C0001021A607B6800225A647B68202283F8CB
:10391C0041207B6800221A637B68002283F84220D6
:10392C00002318460837BD4680BD80B483B000AF75
:10393C00786039607B6893F84130DBB2202B38D14A
:10394C007B6893F84030012B01D1022332E07B6875
:10395C00012283F840207B68242283F841207B6875
:10396C001B681A687B681B6822F001021A607B686E
:10397C001B681A687B681B6822F480521A607B688B
:10398C001B6819687B681B683A680A431A607B6875
:10399C001B681A687B681B6842F001021A607B681E
:1039AC00202283F841207B68002283F840200023EA
:1039BC0000E0022318460C37BD465DF8047B7047C7
:1039CC0080B485B000AF786039607B6893F8413083
:1039DC00DBB2202B39D17B6893F84030012B01D11D
:1039EC00022333E07B68012283F840207B68242289
:1039FC0083F841207B681B681A687B681B6822F07F
:103A0C0001021A607B681B681B68FB60FB6823F46F
:103A1C007063FB603B681B02FA681343FB607B68B6
:103A2C001B68FA681A607B681B681A687B681B68DD
:103A3C0042F001021A607B68202283F841207B68E7
:103A4C00002283F84020002300E00223184614379C
:103A5C00BD465DF8047B704780B400AF054B1B6816
:103A6C00044A43F48073136000BFBD465DF8047BC9
:103A7C00704700BF0004005880B400AF044B1B68B3
:103A8C0003F4C0631846BD465DF8047B704700BF65
:103A9C000004005880B400AF4FF0B0431B6803F42F
:103AAC008013B3F5801F01D1012300E000231846D9
:103ABC00BD465DF8047B704780B400AF4FF0B04357
:103ACC001B684FF0B04243F48033136000BFBD4617
:103ADC005DF8047B704780B400AF4FF0B0431B68B7
:103AEC004FF0B04223F48033136000BFBD465DF845
:103AFC00047B704780B400AF4FF0B0431B6803F4F5
:103B0C000033B3F5003F01D1012300E00023184638
:103B1C00BD465DF8047B704780B400AF4FF0B043F6
:103B2C001B684FF0B04243F48073136000BFBD4676
:103B3C005DF8047B704780B400AF4FF0B0431B6856
:103B4C004FF0B04223F48073136000BFBD465DF8A4
:103B5C00047B704780B400AF4FF0B0431B6803F494
:103B6C008063B3F5806F01D1012300E00023184678
:103B7C00BD465DF8047B704780B483B000AF7860BD
:103B8C004FF0B0435B6823F0FE427B681B064FF09E
:103B9C00B04113434B6000BF0C37BD465DF8047B4E
:103BAC00704780B400AF4FF0B043D3F898304FF06B
:103BBC00B04243F00103C2F8983000BFBD465DF837
:103BCC00047B704780B400AF4FF0B043D3F898300B
:103BDC004FF0B04223F00103C2F8983000BFBD464D
:103BEC005DF8047B704780B400AF4FF0B043D3F85E
:103BFC00983003F00203022B01D1012300E00023D3
:103C0C001846BD465DF8047B704780B400AF4FF09A
:103C1C00B043D3F890304FF0B04243F00103C2F8F8
:103C2C00903000BFBD465DF8047B704780B400AF98
:103C3C004FF0B043D3F890304FF0B04223F0010373
:103C4C00C2F8903000BFBD465DF8047B704780B46D
:103C5C0000AF4FF0B043D3F890304FF0B04243F088
:103C6C000403C2F8903000BFBD465DF8047B70477A
:103C7C0080B400AF4FF0B043D3F890304FF0B04267
:103C8C0023F00403C2F8903000BFBD465DF8047BFE
:103C9C00704780B400AF4FF0B043D3F8903003F0CE
:103CAC000203022B01D1012300E000231846BD467C
:103CBC005DF8047B704780B400AF4FF0B043D3F88D
:103CCC0094304FF0B04243F00103C2F8943000BF7F
:103CDC00BD465DF8047B704780B400AF4FF0B04335
:103CEC00D3F894304FF0B04223F00103C2F8943073
:103CFC0000BFBD465DF8047B704780B400AF4FF049
:103D0C00B043D3F8943003F00203022B01D101230A
:103D1C0000E000231846BD465DF8047B704780B474
:103D2C0000AF4FF0B043D3F894304FF0B04243F0B3
:103D3C000403C2F8943000BFBD465DF8047B7047A5
:103D4C0080B400AF4FF0B043D3F894304FF0B04292
:103D5C0023F00403C2F8943000BFBD465DF8047B29
:103D6C00704780B400AF4FF0B043D3F8943003F0F9
:103D7C000803082B01D1012300E000231846BD469F
:103D8C005DF8047B704780B483B000AF78604FF06F
:103D9C00B043D3F8943023F470627B681B024FF06D
:103DAC00B0411343C1F8943000BF0C37BD465DF8E9
:103DBC00047B704780B400AF4FF0B0431B684FF0EA
:103DCC00B04243F00103136000BFBD465DF8047BB5
:103DDC00704780B400AF4FF0B0431B684FF0B04257
:103DEC0023F00103136000BFBD465DF8047B7047F0
:103DFC0080B400AF4FF0B0431B6803F00203022BFA
:103E0C0001D1012300E000231846BD465DF8047B78
:103E1C00704780B483B000AF78604FF0B0431B683C
:103E2C0023F0F0024FF0B0417B6813430B6000BFEE
:103E3C000C37BD465DF8047B704780B483B000AF8F
:103E4C004FF0B0431B6803F0F0037B607B68B02B32
:103E5C0001D9B0237B607B6818460C37BD465DF8F2
:103E6C00047B704780B483B000AF78604FF0B043F0
:103E7C005B6823F47F427B681B024FF0B041134315
:103E8C004B6000BF0C37BD465DF8047B704780B4B7
:103E9C0083B000AF78604FF0B0439B6823F003020F
:103EAC004FF0B0417B6813438B6000BF0C37BD46AD
:103EBC005DF8047B704780B400AF4FF0B0439B6853
:103ECC0003F00C031846BD465DF8047B704780B4C4
:103EDC0083B000AF78604FF0B0439B6823F0F002E2
:103EEC004FF0B0417B6813438B6000BF0C37BD466D
:103EFC005DF8047B704780B483B000AF78604FF0FE
:103F0C00B043D3F8083123F0F0024FF0B0417B6896
:103F1C001343C1F8083100BF0C37BD465DF8047B74
:103F2C00704780B483B000AF78604FF0B043D3F8E3
:103F3C00083123F00F027B681B094FF0B04113438B
:103F4C00C1F8083100BF0C37BD465DF8047B7047E3
:103F5C0080B483B000AF78604FF0B0439B6823F41B
:103F6C00E0624FF0B0417B6813438B6000BF0C37AD
:103F7C00BD465DF8047B704780B483B000AF7860B9
:103F8C004FF0B0439B6823F460524FF0B0417B6814
:103F9C0013438B6000BF0C37BD465DF8047B704744
:103FAC0080B400AF4FF0B0439B6803F0F0031846A9
:103FBC00BD465DF8047B704780B400AF4FF0B04352
:103FCC00D3F808311B0103F0F0031846BD465DF829
:103FDC00047B704780B400AF4FF0B0439B6803F490
:103FEC00E0631846BD465DF8047B704780B400AFB3
:103FFC004FF0B0439B6803F460531846BD465DF820
:10400C00047B704780B400AF4FF0B0431B684FF097
:10401C00B04243F08073136000BFBD465DF8047B73
:10402C00704780B400AF4FF0B0431B684FF0B04204
:10403C0023F08073136000BFBD465DF8047B7047AE
:10404C0080B400AF4FF0B0431B6803F00073B3F1C2
:10405C00007F01D1012300E000231846BD465DF826
:10406C00047B704780B400AF4FF0B043DB681B0A91
:10407C0003F07F031846BD465DF8047B704780B49F
:10408C0000AF4FF0B043DB6803F060431846BD4609
:10409C005DF8047B704780B400AF4FF0B043DB6831
:1040AC0003F070031846BD465DF8047B704780B47E
:1040BC0000AF4FF0B043DB6803F003031846BD4676
:1040CC005DF8047B704780B400AF4FF0B0439B6841
:1040DC0003F48033B3F5803F01D1012300E00023CA
:1040EC001846BD465DF8047B704780B400AF4FF0B6
:1040FC00B043D3F8083103F40033B3F5003F01D1DA
:10410C00012300E000231846BD465DF8047B704790
:10411C0080B400AF4FF0B043D3F8083103F48033D0
:10412C00B3F5803F01D1012300E000231846BD46C2
:10413C005DF8047B704780B400AF4FF0B0439B68D0
:10414C0003F40033B3F5003F01D1012300E0002359
:10415C001846BD465DF8047B704780B400AF4FF045
:10416C00B0439B6803F48023B3F5802F01D1012366
:10417C0000E000231846BD465DF8047B7047000044
:10418C0090B58DB000AF78607B68002B01D1012316
:10419C0063E37B681B6803F02003002B00F08D8029
:1041AC00FFF789FEF862FFF782FFB862FB6A002B0B
:1041BC0005D0FB6A0C2B47D1BB6A012B44D17B6821
:1041CC00DB69002B01D1012347E37B685C6AFFF7B5
:1041DC0034FE03469C4214D97B685B6A184600F097
:1041EC002FFD0346002B01D0012336E37B685B6A6D
:1041FC001846FFF70EFE7B681B6A1846FFF732FE67
:10420C0013E07B685B6A1846FFF703FE7B681B6A4A
:10421C001846FFF727FE7B685B6A184600F010FD16
:10422C000346002B01D0012317E300F0C9FC034621
:10423C00A44A1360A44B1B681846FEF761F80346AA
:10424C00002B39D0012308E37B68DB69002B1ED0DF
:10425C00FFF7B0FDFEF7A2F8786208E0FEF79EF8D3
:10426C0002467B6AD31A022B01D90323F5E2FFF72E
:10427C00BFFD0346002BF1D07B685B6A1846FFF745
:10428C00C8FD7B681B6A1846FFF7ECFD15E0FFF7CD
:10429C00A0FDFEF783F8786208E0FEF77FF802468F
:1042AC007B6AD31A022B01D90323D6E2FFF7A0FDB8
:1042BC000346002BF1D100E000BF7B681B6803F0C4
:1042CC000103002B47D0FFF7F6FD3862FFF7EFFE36
:1042DC00F8613B6A082B05D03B6A0C2B08D1FB69B3
:1042EC00032B05D17B685B68002B34D10123B4E22E
:1042FC007B685B68B3F5803F02D1FFF7DDFB01E023
:10430C00FFF7E9FB7B685B68002B12D0FEF746F8E1
:10431C00786208E0FEF742F802467B6AD31A642BF7
:10432C0001D9032399E2FFF7E5FB0346002BF1D0FB
:10433C0011E0FEF733F8786208E0FEF72FF802463A
:10434C007B6AD31A642B01D9032386E2FFF7D2FBD5
:10435C000346002BF1D17B681B6803F00203002B92
:10436C004CD0FFF7A8FDB861FFF7A1FE7861BB69DF
:10437C00042B05D0BB690C2B0ED17B69022B0BD106
:10438C007B68DB68002B01D1012366E27B681B692B
:10439C001846FFF7F1FB31E07B68DB68002B19D086
:1043AC00FFF7BAFBFDF7FAFF786208E0FDF7F6FFBE
:1043BC0002467B6AD31A022B01D903234DE2FFF785
:1043CC00C9FB0346002BF1D07B681B691846FFF72D
:1043DC00D3FB13E0FFF7AFFBFDF7E0FF786208E0DB
:1043EC00FDF7DCFF02467B6AD31A022B01D90323AB
:1043FC0033E2FFF7AFFB0346002BF1D17B681B6860
:10440C0003F00803002B06D17B681B6803F0100334
:10441C00002B00F0A3807B685B69002B76D07B6857
:10442C001B6803F01003002B46D0FFF766FC034615
:10443C00002B13D1FFF73FFCFDF7B0FF786208E0CB
:10444C00FDF7ACFF02467B6AD31A022B01D903237A
:10445C0003E2FFF752FC0346002BF1D0FFF75FFCA1
:10446C00FDF79CFF786208E0FDF798FF02467B6A37
:10447C00D31A032B01D90323EFE1FFF772FC034698
:10448C00002BF1D07B689B691846FFF77CFCFFF78B
:10449C0023FCFDF783FF786208E0FDF77FFF0246FF
:1044AC007B6AD31A022B01D90323D6E1FFF725FC33
:1044BC000346002BF1D151E0FFF7FDFBFDF76EFF3A
:1044CC0078620CE0080000200C000020FDF766FF6D
:1044DC0002467B6AD31A022B01D90323BDE1FFF7F5
:1044EC000CFC0346002BF1D0FFF72AFC08E0FDF78B
:1044FC0055FF02467B6AD31A032B01D90323ACE187
:10450C00FFF72FFC0346002BF1D127E0FFF718FC37
:10451C00FDF744FF786208E0FDF740FF02467B6A36
:10452C00D31A032B01D9032397E1FFF71AFC034697
:10453C00002BF1D1FFF7D0FBFDF730FF786208E0DC
:10454C00FDF72CFF02467B6AD31A022B01D90323F9
:10455C0083E1FFF7D2FB0346002BF1D17B681B688C
:10456C0003F00403002B5BD0A74B1B6803F4807390
:10457C00002B14D1FFF770FAFDF710FF786208E0FA
:10458C00FDF70CFF02467B6AD31A022B01D90323D9
:10459C0063E19D4B1B6803F48073002BF0D07B68A8
:1045AC009B68012B02D1FFF730FB0CE07B689B680A
:1045BC00052B04D1FFF74BFBFFF727FB03E0FFF7BD
:1045CC0035FBFFF755FB7B689B68002B14D0FDF780
:1045DC00E5FE78620AE0FDF7E1FE02467B6AD31A3B
:1045EC0041F28832934201D9032336E1FFF751FBA4
:1045FC000346002BEFD013E0FDF7D0FE78620AE003
:10460C00FDF7CCFE02467B6AD31A41F28832934204
:10461C0001D9032321E1FFF73CFB0346002BEFD12B
:10462C007B681B6803F04003002B2CD07B689B6AD3
:10463C00002B14D0FFF7B5FAFDF7B0FE786208E056
:10464C00FDF7ACFE02467B6AD31A022B01D9032379
:10465C0003E1FFF7C8FA0346002BF1D013E0FFF794
:10466C00B1FAFDF79BFE786208E0FDF797FE024673
:10467C007B6AD31A022B01D90323EEE0FFF7B3FABE
:10468C000346002BF1D17B68DB6A002B00F0E48041
:10469C00FFF711FC38614FF0B043DB68FB607B68BF
:1046AC00DB6A022B40F0B480FB6803F003027B68EA
:1046BC001B6B9A4223D1FB6803F070027B685B6B27
:1046CC009A421CD1FB681B0A03F07F027B689B6B30
:1046DC009A4214D1FB6803F478127B68DB6B9A4224
:1046EC000DD1FB6803F060627B681B6C9A4206D1AB
:1046FC00FB6803F060427B685B6C9A425DD03B695F
:10470C000C2B58D04FF0B0431B6803F08063002B88
:10471C0001D00123A1E0FFF784FCFDF73FFE786296
:10472C0008E0FDF73BFE02467B6AD31A022B01D947
:10473C00032392E04FF0B0431B6803F00073002B8F
:10474C00EFD14FF0B043DA68304B13407A68116BFD
:10475C007A68526B11437A68926B120211437A6831
:10476C00D26B11437A68126C11437A68526C0A430B
:10477C004FF0B0411343CB60FFF744FC4FF0B04314
:10478C00DB684FF0B04243F08053D360FDF706FE78
:10479C00786208E0FDF702FE02467B6AD31A022B10
:1047AC0001D9032359E04FF0B0431B6803F00073A9
:1047BC00002BEFD050E001234FE04FF0B0431B68CB
:1047CC0003F00073002B47D1FFF71CFC4FF0B043F4
:1047DC00DB684FF0B04243F08053D360FDF7DEFD51
:1047EC00786208E0FDF7DAFD02467B6AD31A022BE9
:1047FC0001D9032331E04FF0B0431B6803F0007381
:10480C00002BEFD028E000BF000400588C80C111B1
:10481C003B690C2B1ED0FFF704FCFDF7BFFD786243
:10482C0008E0FDF7BBFD02467B6AD31A022B01D9C7
:10483C00032312E04FF0B0431B6803F00073002B0E
:10484C00EFD14FF0B043DA684FF0B041054B134055
:10485C00CB6001E0012300E0002318463437BD464D
:10486C0090BD00BFFCFFFEEE80B584B000AF786059
:10487C0039607B68002B01D101232DE1984B1B681B
:10488C0003F007033A689A421BD9954B1B6823F037
:10489C00070293493B6813430B60FDF77FFDF860FB
:1048AC0008E0FDF77BFD0246FB68D31A022B01D909
:1048BC00032311E18A4B1B6803F007033A689A4201
:1048CC00EFD17B681B6803F00203002B16D07B68CA
:1048DC009B681846FFF7FBFAFDF760FDF86008E0EF
:1048EC00FDF75CFD0246FB68D31A022B01D90323AA
:1048FC00F2E0FFF7E8FB0346002BF1D07B681B6866
:10490C0003F02003002B16D07B685B691846FFF779
:10491C00F2FAFDF743FDF86008E0FDF73FFD0246B3
:10492C00FB68D31A022B01D90323D5E0FFF7DDFB7B
:10493C000346002BF1D07B681B6803F04003002B6F
:10494C0016D07B689B691846FFF7EBFAFDF726FD3E
:10495C00F86008E0FDF722FD0246FB68D31A022B33
:10496C0001D90323B8E0FFF7D3FB0346002BF1D0AA
:10497C007B681B6803F00403002B16D07B68DB6894
:10498C001846FFF7E5FAFDF709FDF86008E0FDF7BA
:10499C0005FD0246FB68D31A022B01D903239BE0C9
:1049AC00FFF7C9FB0346002BF1D07B681B6803F0B3
:1049BC000803002B17D07B681B69DB001846FFF738
:1049CC00DBFAFDF7EBFCF86008E0FDF7E7FC0246CC
:1049DC00FB68D31A022B01D903237DE0FFF7BDFB43
:1049EC000346002BF1D07B681B6803F00103002BFE
:1049FC0043D07B685B68022B06D1FFF77BF803463C
:104A0C00002B1ED1012367E07B685B68032B06D16A
:104A1C00FFF716FB0346002B13D101235CE07B68E8
:104A2C005B68002B06D1FFF7E3F90346002B08D196
:104A3C00012351E0FFF78EF80346002B01D101232F
:104A4C004AE07B685B681846FFF721FAFDF7A6FC85
:104A5C00F8600AE0FDF7A2FC0246FB68D31A41F2AB
:104A6C008832934201D9032336E0FFF724FA024639
:104A7C007B685B689B009A42ECD1194B1B6803F076
:104A8C0007033A689A421BD2154B1B6823F00702A6
:104A9C0013493B6813430B60FDF780FCF86008E09A
:104AAC00FDF77CFC0246FB68D31A022B01D90323C9
:104ABC0012E00B4B1B6803F007033A689A42EFD1E4
:104ACC0000F07EF80346074A1360FDF773FC0346BB
:104ADC001846FDF715FC034618461037BD4680BD39
:104AEC00004000580800002090B585B000AFFFF7DB
:104AFC00E2F978607B68002B0AD1FFF79EF9034638
:104B0C001B0903F00F032B4A52F82330FB604BE0D8
:104B1C007B68042B02D1284BFB6045E07B68082B9B
:104B2C000AD1FEF7B7FF0346012B02D1224BFB60E3
:104B3C003AE0224BFB6037E0FFF7B9FA38603B688C
:104B4C00022B03D03B68032B03D00DE01A4BBB6048
:104B5C0015E0FEF79FFF0346012B02D1164BBB60FD
:104B6C000DE0164BBB600AE0FFF767F903461B0923
:104B7C0003F00F030F4A52F82330BB6000BFFFF75E
:104B8C0071FA0246BB6803FB02F4FFF784FA034692
:104B9C001B090133B4FBF3F4FFF771FA03465B0F07
:104BAC000133B4FBF3F3FB60FB6818461437BD46C6
:104BBC0090BD00BF9CAD00080024F4000048E80143
:104BCC0098B500AFFFF790FF0446FFF7E9F90346ED
:104BDC001B0903F00F03034A52F82330B4FBF3F321
:104BEC00184698BD3CAD000898B500AFFFF7E8FF3C
:104BFC000446FFF7EFF903461B0A03F00703044AC8
:104C0C0052F8233003F01F0324FA03F3184698BD1F
:104C1C007CAD000898B500AFFFF7D2FF0446FFF754
:104C2C00E5F90346DB0A03F00703044A52F8233084
:104C3C0003F01F0324FA03F3184698BD7CAD00085B
:104C4C0090B585B000AF78607B68B02B03D9154B5D
:104C5C00DB6AFB6007E07B681B0903F00F03114A5A
:104C6C0052F82330FB60FFF7A7F903461B0903F04A
:104C7C000F030D4A52F82330FA68B2FBF3F3BB6012
:104C8C00BB680A4AA2FB03239C0CFEF7F5FE034605
:104C9C001946204600F00CF8034618461437BD465A
:104CAC0090BD00BF9CAD00083CAD000883DE1B43EB
:104CBC0090B593B000AF78603960374B07F128049A
:104CCC000FCB84E80F00354A07F11C0307CA83E8B1
:104CDC000700334B07F10C040FCB84E80F000023C3
:104CEC007B643B68B3F5007F1AD100233B6413E06F
:104CFC003B6C9B0048333B4453F8203C7A689A4207
:104D0C0007D83B6C9B0048333B4453F83C3C7B64DA
:104D1C0020E03B6C01333B643B6C032BE8D919E07E
:104D2C000023FB6313E0FB6B9B0048333B4453F8BD
:104D3C002C3C7A689A4207D8FB6B9B0048333B4467
:104D4C0053F83C3C7B6405E0FB6B0133FB63FB6B72
:104D5C00022BE8D9134B1B6823F0070211497B6C1B
:104D6C0013430B60FDF71AFBB86308E0FDF716FB65
:104D7C000246BB6BD31A022B01D9032307E0094B64
:104D8C001B6803F007037A6C9A42EFD10023184694
:104D9C004C37BD4690BD00BF98AB0008A8AB0008CF
:104DAC00B4AB00080040005880B400AF4FF0B043E3
:104DBC00D3F8903003F00103012B01D1012300E063
:104DCC0000231846BD465DF8047B704780B400AFE5
:104DDC004FF0B043D3F8903003F00203022B01D113
:104DEC00012300E000231846BD465DF8047B7047A4
:104DFC0080B483B000AF78604FF0B043D3F89430F8
:104E0C0023F440424FF0B0417B681343C1F8943017
:104E1C0000BF0C37BD465DF8047B704780B483B08F
:104E2C0000AF78604FF0B0435B6A23F003024FF0A1
:104E3C00B0417B6813434B6200BF0C37BD465DF835
:104E4C00047B704780B483B000AF78604FF0B04300
:104E5C005B6A23F030024FF0B0417B6813434B6226
:104E6C0000BF0C37BD465DF8047B704780B483B03F
:104E7C0000AF78604FF0B043D3F8883023F00302D2
:104E8C004FF0B0417B681343C1F8883000BF0C373A
:104E9C00BD465DF8047B704780B483B000AF78608A
:104EAC004FF0B043D3F8883023F440624FF0B04158
:104EBC007B681343C1F8883000BF0C37BD465DF8E2
:104ECC00047B704780B483B000AF78604FF0B04380
:104EDC00D3F888207B681B0903F47F23DB431A403B
:104EEC007B681B0103F47F234FF0B0411343C1F8DF
:104EFC00883000BF0C37BD465DF8047B704780B42A
:104F0C0083B000AF78604FF0B043D3F888207B6853
:104F1C001B0C1B04DB431A407B681B044FF0B04195
:104F2C001343C1F8883000BF0C37BD465DF8047BD5
:104F3C00704780B483B000AF78604FF0B043D3F8C3
:104F4C00883023F440024FF0B0417B681343C1F822
:104F5C00883000BF0C37BD465DF8047B704780B4C9
:104F6C0083B000AF78604FF0B043D3F8883023F0B3
:104F7C0040424FF0B0417B681343C1F8883000BF0A
:104F8C000C37BD465DF8047B704780B483B000AF2E
:104F9C0078604FF0B043D3F8883023F040624FF084
:104FAC00B0417B681343C1F8883000BF0C37BD4655
:104FBC005DF8047B704780B582B000AF786078688C
:104FCC00FFF7E3FF00BF0837BD4680BD80B483B058
:104FDC0000AF78604FF0B043D3F8883023F04052E4
:104FEC004FF0B0417B681343C1F8883000BF0C37D9
:104FFC00BD465DF8047B704780B483B000AF786029
:10500C004FF0B043D3F8903023F440724FF0B041DE
:10501C007B681343C1F8903000BF0C37BD465DF878
:10502C00047B704780B400AF4FF0B043D3F890309E
:10503C0003F440731846BD465DF8047B704780B49A
:10504C0000AF4FF0B043D3F890304FF0B04243F480
:10505C008033C2F8903000BFBD465DF8047B7047CA
:10506C0080B400AF4FF0B043D3F890304FF0B04263
:10507C0023F48033C2F8903000BFBD465DF8047B4A
:10508C00704780B400AF4FF0B0431B684FF0B04294
:10509C0043F08063136000BFBD465DF8047B70472E
:1050AC0080B400AF4FF0B0431B684FF0B04223F018
:1050BC008063136000BFBD465DF8047B704780B40D
:1050CC0000AF4FF0B0431B6803F00063B3F1006F07
:1050DC0001D1012300E000231846BD465DF8047B96
:1050EC00704780B588B000AF78600023FB77002351
:1050FC00BB777B681B6803F04003002B34D07B68C4
:10510C001B6BB3F5400F21D0B3F5400F1BD8B3F593
:10511C00000F1DD0B3F5000F15D8002B0BD0B3F535
:10512C00800F10D14FF0B043DB684FF0B04243F426
:10513C008033D3600DE07B680433184600F047F9E8
:10514C000346FB7705E00123FB7702E000BF00E09C
:10515C0000BFFB7F002B05D17B681B6B1846FFF74C
:10516C00E8FE01E0FB7FBB777B681B6803F4006300
:10517C00002B46D0FFF756FFB8617B681B6CBA69F1
:10518C009A423CD0FEF768FCBB69002B05D17B68CA
:10519C001B6C1846FFF730FF2EE04FF0B043D3F8EE
:1051AC0090307B61FFF74BFFFFF75AFF7B6923F4CD
:1051BC0040727B681B6C13437B614FF0B0427B6980
:1051CC00C2F89030FFF7F0FD0346012B14D1FDF728
:1051DC00E5F838610BE0FDF7E1F802463B69D31ABC
:1051EC0041F28832934202D90323FB7704E0FFF7A4
:1051FC00EDFD0346012BEED1FB7FBB7701E0FB7F7E
:10520C00BB777B681B6803F00103002B04D07B6821
:10521C009B691846FFF72AFE7B681B6803F00203A4
:10522C00002B04D07B68DB691846FFF735FE7B68E2
:10523C001B6803F01003002B04D07B689B6A184694
:10524C00FFF75DFE7B681B6803F02003002B04D086
:10525C007B68DB6A1846FFF752FE7B681B6803F01D
:10526C000403002B04D07B681B6A1846FFF72AFE48
:10527C007B681B6803F00803002B04D07B685B6A17
:10528C001846FFF71FFE7B681B6803F48073002B26
:10529C0022D07B685B6B1846FFF78DFE7B685B6BDF
:1052AC00B3F1006F07D14FF0B043DB684FF0B04261
:1052BC0043F08073D3607B685B6BB3F1806F0BD171
:1052CC007B680433184600F0DDF80346FB77FB7F60
:1052DC00002B01D0FB7FBB777B681B6803F400734A
:1052EC00002B2BD07B689B6BB3F1804F08D07B6875
:1052FC009B6BB3F1004F03D07B689B6B002B05D1EC
:10530C007B689B6B1846FFF72AFE0AE07B689B6B59
:10531C0023F08053FB600020FFF721FEF868FFF7B5
:10532C0034FE7B689B6BB3F1C05F07D14FF0B04389
:10533C00DB684FF0B04243F08073D3607B681B682E
:10534C0003F48063002B22D07B68DB6B1846FFF7DD
:10535C003DFE7B68DB6BB3F1005F07D14FF0B043D0
:10536C00DB684FF0B04243F48033D3607B68DB6B77
:10537C00B3F1805F0BD17B680433184600F0DDF885
:10538C000346FB77FB7F002B01D0FB7FBB777B6851
:10539C001B6803F48053002B04D07B685B6C1846AD
:1053AC00FFF726FD7B681B6803F40053002B09D024
:1053BC007B68DB6C1846FFF745FD7B689B6C1846D9
:1053CC00FFF72CFDBB7F18462037BD4680BD80B54E
:1053DC0084B000AF78600023FB73FFF761FEFCF72D
:1053EC00DDFFB86009E0FCF7D9FF0246BB68D31AB1
:1053FC00022B02D90323FB7304E0FFF760FE034684
:10540C00002BF0D1FB7B002B37D14FF0B0431B6945
:10541C0023F4FE427B681B681B024FF0B041134320
:10542C000B614FF0B0431B6923F478127B685B6807
:10543C004FF0B04113430B61FFF723FEFCF7AEFFB7
:10544C00B86009E0FCF7AAFF0246BB68D31A022B2E
:10545C0002D90323FB7304E0FFF731FE0346012B53
:10546C00F0D1FB7B002B08D14FF0B0431A697B685D
:10547C001B694FF0B04113430B61FB7B184610378F
:10548C00BD4680BD80B584B000AF78600023FB734F
:10549C00FFF706FEFCF782FFB86009E0FCF77EFF21
:1054AC000246BB68D31A022B02D90323FB7304E018
:1054BC00FFF705FE0346002BF0D1FB7B002B37D109
:1054CC004FF0B0431B6923F4FE427B681B681B0240
:1054DC004FF0B04113430B614FF0B0431B6923F005
:1054EC0060627B689B684FF0B04113430B61FFF720
:1054FC00C8FDFCF753FFB86009E0FCF74FFF02460C
:10550C00BB68D31A022B02D90323FB7304E0FFF709
:10551C00D6FD0346012BF0D1FB7B002B08D14FF0BD
:10552C00B0431A697B681B694FF0B04113430B61A0
:10553C00FB7B18461037BD4680BD80B584B000AFEC
:10554C0078600023FB73FFF7ABFDFCF727FFB86017
:10555C0009E0FCF723FF0246BB68D31A022B02D9E1
:10556C000323FB7304E0FFF7AAFD0346002BF0D1E5
:10557C00FB7B002B37D14FF0B0431B6923F4FE4269
:10558C007B681B681B024FF0B04113430B614FF05B
:10559C00B0431B6923F060427B68DB684FF0B0417D
:1055AC0013430B61FFF76DFDFCF7F8FEB86009E0E3
:1055BC00FCF7F4FE0246BB68D31A022B02D9032374
:1055CC00FB7304E0FFF77BFD0346012BF0D1FB7B63
:1055DC00002B08D14FF0B0431A697B681B694FF060
:1055EC00B04113430B61FB7B18461037BD4680BDA1
:1055FC0080B584B000AF78607B68002B01D10123AB
:10560C009FE07B6893F82130DBB2002B06D17B68DE
:10561C00002283F820207868FCF71EFD7B680222AC
:10562C0083F82120494BDB6803F01003102B7ED04C
:10563C007B681B68CA225A627B681B6853225A62B9
:10564C00786800F0ABF80346002B0AD07B681B6827
:10565C00FF225A627B68042283F821200123FB730A
:10566C0067E07B681B689B687A68126823F4E00328
:10567C0023F0400393607B681B6899687B685A68C9
:10568C007B681B691A437B689B691A437B681B68A0
:10569C000A439A607B681B687A68D2681A617B68D7
:1056AC001B6819697B689B681A047B681B680A4332
:1056BC001A617B681B68DA687B681B6822F08002C1
:1056CC00DA607B681B68DA6C7B681B6822F003026B
:1056DC00DA647B681B68D96C7B68DA697B685B6908
:1056EC001A437B681B680A43DA647B681B689B68F7
:1056FC0003F02003002B13D1786800F029F803463F
:10570C00002B0DD07B681B68FF225A627B68042239
:10571C0083F821207B68002283F82020012310E0ED
:10572C007B681B68FF225A620023FB7301E0002395
:10573C00FB73FB7B002B03D17B68012283F82120B8
:10574C00FB7B18461037BD4680BD00BF00280040CB
:10575C0080B584B000AF78607B681B68DA687B68C2
:10576C001B6822F0A002DA60FCF718FEF86009E072
:10577C00FCF714FE0246FB68D31AB3F57A7F01D905
:10578C00032307E07B681B68DB6803F02003002B16
:10579C00EED0002318461037BD4680BD80B584B0CE
:1057AC0000AF78607B681B68DB6803F04003002B5C
:1057BC0019D17B681B684FF0FF32DA60FCF7EEFD05
:1057CC00F86009E0FCF7EAFD0246FB68D31AB3F572
:1057DC007A7F01D9032307E07B681B68DB6803F041
:1057EC004003002BEED0002318461037BD4680BD79
:1057FC0080B584B000AF78607B68002B01D10123A9
:10580C0095E07B685B6A002B08D17B685B68B3F51D
:10581C00827F09D07B680022DA6105E07B68002278
:10582C001A617B6800225A617B6800229A627B684D
:10583C0093F85D30DBB2002B06D17B68002283F835
:10584C005C207868FCF734FC7B68022283F85D20CE
:10585C007B681B681A687B681B6822F040021A6020
:10586C007B68DB68B3F5E06F02D90023FB6002E0D4
:10587C004FF48053FB607B68DB68B3F5706F07D027
:10588C007B68DB68B3F5E06F02D07B6800229A621C
:10589C007B685B6803F482727B689B6803F4044347
:1058AC001A437B681B6903F002031A437B685B692C
:1058BC0003F001031A437B689B6903F400731A43DA
:1058CC007B68DB6903F038031A437B681B6A03F0BF
:1058DC00800342EA03017B689B6A03F400527B68F5
:1058EC001B680A431A607B689B691B0C03F004025B
:1058FC007B685B6A03F010031A437B685B6B03F0F5
:10590C0008031A437B68DB6803F4706342EA030103
:10591C00FB6803F480527B681B680A435A607B68FF
:10592C0000221A667B68012283F85D20002318464A
:10593C001037BD4680BD80B588B000AFF860B96047
:10594C003B601346FB800023FB77FB6893F85C30CD
:10595C00012B01D1022358E1FB68012283F85C2062
:10596C00FCF71CFDB861FB88FB82FB6893F85D308B
:10597C00DBB2012B02D00223FB773DE1BB68002B8D
:10598C0002D0FB88002B02D10123FB7734E1FB68AA
:10599C00032283F85D20FB6800221A66FB68BA6854
:1059AC009A63FB68FA889A87FB68FA88DA87FB683F
:1059BC0000221A64FB680022A3F84420FB68002232
:1059CC00A3F84620FB6800221A65FB680022DA6403
:1059DC00FB689B68B3F5004F0FD1FB681B681A6816
:1059EC00FB681B6822F040021A60FB681B681A688F
:1059FC00FB681B6842F480421A60FB681B681B68DA
:105A0C0003F04003402B07D0FB681B681A68FB6847
:105A1C001B6842F040021A60FB68DB68B3F5E06F6C
:105A2C004BD9FB685B68002B02D0FB8A012B3ED163
:105A3C00FB689B6B1A88FB681B68DA60FB689B6BC6
:105A4C009A1CFB689A63FB68DB8F9BB2013B9AB292
:105A5C00FB68DA872BE0FB681B689B6803F002038A
:105A6C00022B12D1FB689B6B1A88FB681B68DA60EF
:105A7C00FB689B6B9A1CFB689A63FB68DB8F9BB281
:105A8C00013B9AB2FB68DA8711E0FCF787FC02460F
:105A9C00BB69D31A3A689A4203D83B68B3F1FF3F0B
:105AAC0002D13B68002B02D10323FB77A4E0FB68F7
:105ABC00DB8F9BB2002BCED17CE0FB685B68002BAC
:105ACC0002D0FB8A012B70D1FB68DB8F9BB2012BC0
:105ADC0012D9FB689B6B1A88FB681B68DA60FB6841
:105AEC009B6B9A1CFB689A63FB68DB8F9BB2023B37
:105AFC009AB2FB68DA8758E0FB689A6BFB681B6804
:105B0C000C3312781A70FB689B6B5A1CFB689A63F7
:105B1C00FB68DB8F9BB2013B9AB2FB68DA8744E0EF
:105B2C00FB681B689B6803F00203022B2BD1FB68FC
:105B3C00DB8F9BB2012B12D9FB689B6B1A88FB681D
:105B4C001B68DA60FB689B6B9A1CFB689A63FB68AA
:105B5C00DB8F9BB2023B9AB2FB68DA8725E0FB68CD
:105B6C009A6BFB681B680C3312781A70FB689B6B82
:105B7C005A1CFB689A63FB68DB8F9BB2013B9AB2A1
:105B8C00FB68DA8711E0FCF709FC0246BB69D31A03
:105B9C003A689A4203D83B68B3F1FF3F02D13B68A5
:105BAC00002B02D10323FB7726E0FB68DB8F9BB233
:105BBC00002BB5D1BA693968F86800F05BFB034675
:105BCC00002B02D0FB6820221A66FB689B68002B16
:105BDC000AD100233B61FB681B68DB683B61FB68F7
:105BEC001B689B683B613B69FB681B6E002B02D0FA
:105BFC000123FB7700E000BFFB68012283F85D20E6
:105C0C00FB68002283F85C20FB7F18462037BD46DA
:105C1C0080BD80B58AB000AFF860B9607A607B80D7
:105C2C0001237B62002387F82330FB6893F85C30F8
:105C3C00012B01D10223FBE1FB68012283F85C20DC
:105C4C00FCF7ACFBF861FB6893F85D30FB76FB6806
:105C5C005B687B617B887B827B883B82FB7E012B34
:105C6C000ED07B69B3F5827F06D1FB689B68002B55
:105C7C0002D1FB7E042B03D0022387F82330CDE125
:105C8C00BB68002B05D07B68002B02D07B88002BD7
:105C9C0003D1012387F82330C0E1FB6893F85D3012
:105CAC00DBB2042B03D0FB68052283F85D20FB6874
:105CBC0000221A66FB687A681A64FB687A88A3F873
:105CCC004620FB687A88A3F84420FB68BA689A637C
:105CDC00FB687A88DA87FB687A889A87FB680022E7
:105CEC00DA64FB6800221A65FB68DB68B3F5E06FC9
:105CFC0002D83B8A012B08D9FB681B685A68FB68E1
:105D0C001B6822F480525A6007E0FB681B685A68D3
:105D1C00FB681B6842F480525A60FB681B681B6866
:105D2C0003F04003402B07D0FB681B681A68FB6824
:105D3C001B6842F040021A60FB68DB68B3F5E06F49
:105D4C007CD9FB685B68002B02D07B8A012B69D164
:105D5C00FB689B6B1A88FB681B68DA60FB689B6BA3
:105D6C009A1CFB689A63FB68DB8F9BB2013B9AB26F
:105D7C00FB68DA8756E0FB681B689B6803F002033C
:105D8C00022B1BD1FB68DB8F9BB2002B16D07B6ADE
:105D9C00012B13D1FB689B6B1A88FB681B68DA60BC
:105DAC00FB689B6B9A1CFB689A63FB68DB8F9BB24E
:105DBC00013B9AB2FB68DA8700237B62FB681B68A5
:105DCC009B6803F00103012B1CD1FB68B3F8463030
:105DDC009BB2002B16D0FB681B68DA68FB681B6C47
:105DEC0092B21A80FB681B6C9A1CFB681A64FB68E5
:105DFC00B3F846309BB2013B9AB2FB68A3F846203D
:105E0C0001237B62FCF7CAFA0246FB69D31A3A6B90
:105E1C009A4207D83B6BB3F1FF3F03D0032387F8BB
:105E2C002330FBE0FB68DB8F9BB2002BA3D1FB681C
:105E3C00B3F846309BB2002B9DD1DFE0FB685B686A
:105E4C00002B03D07B8A012B40F0CB80FB68DB8FCF
:105E5C009BB2012B12D9FB689B6B1A88FB681B68E1
:105E6C00DA60FB689B6B9A1CFB689A63FB68DB8FA0
:105E7C009BB2023B9AB2FB68DA87B2E0FB689A6B82
:105E8C00FB681B680C3312781A70FB689B6B5A1CEE
:105E9C00FB689A63FB68DB8F9BB2013B9AB2FB6891
:105EAC00DA879EE0FB681B689B6803F00203022BF9
:105EBC0034D1FB68DB8F9BB2002B2FD07B6A012B7C
:105ECC002CD1FB68DB8F9BB2012B12D9FB689B6B2F
:105EDC001A88FB681B68DA60FB689B6B9A1CFB6872
:105EEC009A63FB68DB8F9BB2023B9AB2FB68DA8742
:105EFC0012E0FB689A6BFB681B680C3312781A7003
:105F0C00FB689B6B5A1CFB689A63FB68DB8F9BB22C
:105F1C00013B9AB2FB68DA8700237B62FB681B6843
:105F2C009B6803F00103012B48D1FB68B3F84630A2
:105F3C009BB2002B42D0FB68B3F846309BB2012BCE
:105F4C0023D9FB681B68DA68FB681B6C92B21A8059
:105F5C00FB681B6C9A1CFB681A64FB68B3F8463030
:105F6C009BB2023B9AB2FB68A3F84620FB68B3F8DD
:105F7C0046309BB2012B1FD8FB681B685A68FB6824
:105F8C001B6842F480525A6016E0FB681B6803F1F0
:105F9C000C02FB681B6C1278D2B21A70FB681B6C7B
:105FAC005A1CFB681A64FB68B3F846309BB2013B81
:105FBC009AB2FB68A3F8462001237B62FCF7EEF94A
:105FCC000246FB69D31A3A6B9A4203D83B6BB3F186
:105FDC00FF3F02D13B6B002B03D1032387F8233007
:105FEC001CE0FB68DB8F9BB2002B7FF45BAFFB6884
:105FFC00B3F846309BB2002B7FF454AFFA69396B7F
:10600C00F86800F037F90346002B06D0012387F817
:10601C002330FB6820221A6600E000BFFB680122D7
:10602C0083F85D20FB68002283F85C2097F823300E
:10603C0018462837BD4680BD80B588B000AFF860E3
:10604C00B9603B601346FB71FCF7A8F90246BB6ACA
:10605C009B1A3A681344FB61FCF7A0F9B861394B01
:10606C001B685B011B0DFA6902FB03F37B6154E0B7
:10607C003B68B3F1FF3F50D0FCF790F90246BB6987
:10608C00D31AFA699A4202D9FB69002B3DD1FB68FD
:10609C001B685A68FB681B6822F0E0025A60FB68B8
:1060AC005B68B3F5827F11D1FB689B68B3F5004F39
:1060BC0004D0FB689B68B3F5806F07D1FB681B6845
:1060CC001A68FB681B6822F040021A60FB689B6A26
:1060DC00B3F5005F0FD1FB681B681A68FB681B687F
:1060EC0022F400521A60FB681B681A68FB681B6874
:1060FC0042F400521A60FB68012283F85D20FB68B1
:10610C00002283F85C20032317E07B69002B01D16C
:10611C000023FB617B69013B7B61FB681B689A6810
:10612C00BB681340BA689A420CBF01230023DBB250
:10613C001A46FB799A429BD1002318462037BD465C
:10614C0080BD00BF0800002080B58AB000AFF860A9
:10615C00B9607A603B600023FB75FCF71FF90246BF
:10616C003B6B9B1A3A6813447B62FCF717F9386255
:10617C00FB681B680C33FB613D4B1A6813469B0094
:10618C001344DA00D31A1B0D7A6A02FB03F3BB61CA
:10619C0060E0BB68B3F5C06F07D17B68002B04D1FE
:1061AC00FB691B78DBB2FB75FB7D3B68B3F1FF3FF2
:1061BC0050D0FCF7F3F802463B6AD31A7A6A9A423B
:1061CC0002D97B6A002B3DD1FB681B685A68FB68BF
:1061DC001B6822F0E0025A60FB685B68B3F5827FB3
:1061EC0011D1FB689B68B3F5004F04D0FB689B682A
:1061FC00B3F5806F07D1FB681B681A68FB681B68D6
:10620C0022F040021A60FB689B6AB3F5005F0FD165
:10621C00FB681B681A68FB681B6822F400521A6042
:10622C00FB681B681A68FB681B6842F400521A6012
:10623C00FB68012283F85D20FB68002283F85C2058
:10624C00032310E0BB69002B01D100237B62BB69E7
:10625C00013BBB61FB681B689A68BB6813407A689A
:10626C009A4296D1002318462837BD4680BD00BF00
:10627C000800002080B586B002AFF860B9607A6083
:10628C007B680093BB6800224FF4C051F868FFF79D
:10629C005BFF0346002B07D0FB681B6E43F020020C
:1062AC00FB681A66032327E07B680093BB68002217
:1062BC008021F868FFF7C0FE0346002B07D0FB686F
:1062CC001B6E43F02002FB681A66032314E07B6804
:1062DC000093BB6800224FF4C061F868FFF734FFED
:1062EC000346002B07D0FB681B6E43F02002FB68B3
:1062FC001A66032300E0002318461037BD4680BD04
:10630C0080B483B000AF78604FF0B043D3F88820EE
:10631C007B68134018460C37BD465DF8047B70470C
:10632C0080B483B000AF78604FF0B043D3F88820CE
:10633C007B68134018460C37BD465DF8047B7047EC
:10634C0080B582B000AF78607B68002B01D101234F
:10635C0042E07B68D3F88830002B06D17B680022A2
:10636C0083F88420786800F03BF87B682422C3F81B
:10637C0088207B681B681A687B681B6822F0010206
:10638C001A60786800F036F80346012B01D101231E
:10639C0022E07B689B6A002B02D0786800F052FAEE
:1063AC007B681B685A687B681B6822F490425A60B1
:1063BC007B681B689A687B681B6822F02A029A60CB
:1063CC007B681B681A687B681B6842F001021A60C4
:1063DC00786800F0D9FA034618460837BD4680BDE8
:1063EC0080B483B000AF786000BF0C37BD465DF859
:1063FC00047B70472DE9B04F8CB000AF786100235F
:10640C0087F82A307B699A687B691B691A437B6918
:10641C005B691A437B69DB691343FB627B691B680D
:10642C001A68AF4B13407A691268F96A0B43136010
:10643C007B691B685B6823F440517B69DA687B6974
:10644C001B680A435A607B699B69FB627B691B680A
:10645C00A44A934204D07B691B6AFA6A1343FB6219
:10646C007B691B689B6823F06E4323F430637A6965
:10647C001268F96A0B4393607B691B68DB6A23F033
:10648C000F017B695A6A7B691B680A43DA627B6974
:10649C001B68954A934225D10320FFF731FF034631
:1064AC00032B1BD801A252F823F000BFC9640008CB
:1064BC00D9640008D1640008E1640008012387F85E
:1064CC002B3042E0022387F82B303EE0042387F880
:1064DC002B303AE0082387F82B3036E0102387F86E
:1064EC002B3032E07B691B687E4A93422AD14FF4F1
:1064FC004060FFF715FF0346B3F5406F1AD0B3F5B4
:10650C00406F1BD8B3F5006F0CD0B3F5006F15D8E6
:10651C00002B03D0B3F5806F08D00FE0002387F871
:10652C002B3012E0022387F82B300EE0042387F87F
:10653C002B300AE0082387F82B3006E0102387F86D
:10654C002B3002E0102387F82B307B691B68654ADF
:10655C00934240F0978097F82B30082B23D801A258
:10656C0052F823F095650008B36500089D65000896
:10657C00B3650008A3650008B3650008B36500089F
:10658C00B3650008AB650008FEF72EFB786210E0DF
:10659C00564B7B620DE0FEF7A7FA786209E04FF4E8
:1065AC0000437B6205E000237B62012387F82A30DD
:1065BC0000BF7B6A002B00F02B817B695B6A4C4A25
:1065CC0032F813301A467B6AB3FBF2F3BB617B697A
:1065DC005A6813465B001344BA699A4205D37B6927
:1065EC005B681B03BA699A4203D9012387F82A30E6
:1065FC000EE17B6A0022BB60FA607B695B6A3C4AF5
:10660C0032F813309BB200223B607A60D7E900234A
:10661C00D7E90201F9F7B4FD02460B4610461946BC
:10662C004FF000024FF000030B0243EA106302022A
:10663C0079694968490800200C46054612EB0408A4
:10664C0043EB05097B695B6800229A4693465246E8
:10665C005B4640464946F9F793FD02460B46134606
:10666C003B623B6AB3F5407F08D33B6AB3F5801FAE
:10667C0004D27B691B683A6ADA60C9E0012387F8A7
:10668C002A30C5E07B69DB69B3F5004F6DD197F813
:10669C002B30013B072B2DD801A252F823F000BF61
:1066AC00CD660008D566000801670008DB660008A7
:1066BC00016700080167000801670008E36600082D
:1066CC00FEF7A8FA78621BE0084B7B6218E0FEF735
:1066DC000BFA786214E04FF400437B6210E000BFC9
:1066EC00F369FFCF00800040003801400024F40023
:1066FC00DCAD000800237B62012387F82A3000BF41
:10670C007B6A002B00F084807B695B6A4B4A32F811
:10671C0013301A467B6AB3FBF2F35A007B695B6851
:10672C005B081A447B695B68B2FBF3F33B623B6A20
:10673C000F2B16D93B6AB3F5803F12D23B6A9BB242
:10674C0023F00F03FB833B6A5B089BB203F0070348
:10675C009AB2FB8B1343FB837B691B68FA8BDA6061
:10676C0056E0012387F82A3052E097F82B30013B92
:10677C00072B22D801A252F823F000BFA96700080A
:10678C00B1670008C7670008B7670008C76700084B
:10679C00C7670008C7670008BF670008FEF73AFA2A
:1067AC00786210E0264B7B620DE0FEF79DF9786273
:1067BC0009E04FF400437B6205E000237B62012378
:1067CC0087F82A3000BF7B6A002B21D07B695B6A7B
:1067DC001A4A32F813301A467B6AB3FBF2F27B6921
:1067EC005B685B081A447B695B68B2FBF3F33B6242
:1067FC003B6A0F2B09D93B6AB3F5803F05D23B6A44
:10680C009AB27B691B68DA6002E0012387F82A30B0
:10681C007B690122A3F86A207B690122A3F8682016
:10682C007B6900225A677B6900229A6797F82A30A5
:10683C0018463037BD46BDE8B08F00BFDCAD000850
:10684C000024F40080B483B000AF78607B689B6A4E
:10685C0003F00103002B0AD07B681B685B6823F4F0
:10686C0000317B68DA6A7B681B680A435A607B6874
:10687C009B6A03F00203002B0AD07B681B685B68E1
:10688C0023F480317B681A6B7B681B680A435A605F
:10689C007B689B6A03F00403002B0AD07B681B689F
:1068AC005B6823F480217B685A6B7B681B680A4306
:1068BC005A607B689B6A03F00803002B0AD07B6844
:1068CC001B685B6823F400417B689A6B7B681B68D0
:1068DC000A435A607B689B6A03F01003002B0AD0B2
:1068EC007B681B689B6823F480517B68DA6B7B6840
:1068FC001B680A439A607B689B6A03F02003002B99
:10690C000AD07B681B689B6823F400517B681A6C67
:10691C007B681B680A439A607B689B6A03F04003A0
:10692C00002B1AD07B681B685B6823F480117B6892
:10693C005A6C7B681B680A435A607B685B6CB3F5C6
:10694C00801F0AD17B681B685B6823F4C0017B68DD
:10695C009A6C7B681B680A435A607B689B6A03F0DD
:10696C008003002B0AD07B681B685B6823F4002132
:10697C007B68DA6C7B681B680A435A6000BF0C3773
:10698C00BD465DF8047B704780B598B002AF786067
:10699C007B680022C3F89020FBF700FD78657B68CC
:1069AC001B681B6803F00803082B2FD16FF07E4384
:1069BC0000937B6D00224FF40011786800F08EF884
:1069CC000346002B22D07B681B68BB63BB6B53E870
:1069DC00003F7B637B6B23F080033B657B681B680C
:1069EC001A463B6D7B643A64396C7A6C41E800233F
:1069FC00FB63FB6B002BE6D17B682022C3F888205D
:106A0C007B68002283F88420032363E07B681B6887
:106A1C001B6803F00403042B49D16FF07E430093F1
:106A2C007B6D00224FF48001786800F057F8034624
:106A3C00002B3CD07B681B687B627B6A53E8003F71
:106A4C003B623B6A23F49073FB647B681B681A46B9
:106A5C00FB6C3B63FA62F96A3A6B41E80023BB6258
:106A6C00BB6A002BE6D17B681B6808333B613B6932
:106A7C0053E8003FFB60FB6823F00103BB647B68B9
:106A8C001B680833BA6CFA61BB61B969FA6941E8F1
:106A9C0000237B617B69002BE5D17B682022C3F846
:106AAC008C207B68002283F88420032312E07B680F
:106ABC002022C3F888207B682022C3F88C207B68B6
:106ACC000022DA667B6800221A677B68002283F852
:106ADC008420002318465837BD4680BD80B584B04D
:106AEC0000AFF860B9603B601346FB7149E0BB69CD
:106AFC00B3F1FF3F45D0FBF751FC02463B68D31A7C
:106B0C00BA699A4202D3BB69002B01D1032348E036
:106B1C00FB681B681B6803F00403002B31D0FB6877
:106B2C001B68DB6903F00803082B10D1FB681B689A
:106B3C0008221A62F86800F038F8FB680822C3F8DB
:106B4C009020FB68002283F88420012329E0FB6855
:106B5C001B68DB6903F40063B3F5006F11D1FB68AC
:106B6C001B684FF400621A62F86800F01EF8FB68AC
:106B7C002022C3F89020FB68002283F88420032392
:106B8C000FE0FB681B68DA69BB681340BA689A426D
:106B9C000CBF01230023DBB21A46FB799A42A6D024
:106BAC00002318461037BD4680BD80B495B000AFA9
:106BBC0078607B681B687B637B6B53E8003F3B63AF
:106BCC003B6B23F49073FB647B681B681A46FB6C6D
:106BDC003B64FA63F96B3A6C41E80023BB63BB6B13
:106BEC00002BE6D17B681B6808333B623B6A53E899
:106BFC00003FFB61FB6923F0805323F00103BB646E
:106C0C007B681B680833BA6CFA62BB62B96AFA6AB1
:106C1C0041E800237B627B6A002BE3D17B68DB6E4F
:106C2C00012B18D17B681B68FB60FB6853E8003FA5
:106C3C00BB60BB6823F010037B647B681B681A463F
:106C4C007B6CBB617A617969BA6941E800233B616D
:106C5C003B69002BE6D17B682022C3F88C207B6833
:106C6C000022DA667B6800225A6700BF5437BD46A3
:106C7C005DF8047B704780B485B000AF78607B68AA
:106C8C0093F88430012B01D1022327E07B68012289
:106C9C0083F884207B682422C3F888207B681B68D7
:106CAC001B68FB607B681B681A687B681B6822F09A
:106CBC0001021A60FB6823F00053FB607B68002222
:106CCC005A667B681B68FA681A607B682022C3F8D6
:106CDC0088207B68002283F8842000231846143710
:106CEC00BD465DF8047B704780B584B000AF78601A
:106CFC0039607B6893F88430012B01D102232DE09D
:106D0C007B68012283F884207B682422C3F88820C6
:106D1C007B681B681B68FB607B681B681A687B6858
:106D2C001B6822F001021A607B681B689B6823F0C9
:106D3C0060417B681B683A680A439A60786800F087
:106D4C004FF87B681B68FA681A607B682022C3F8CE
:106D5C0088207B68002283F8842000231846103793
:106D6C00BD4680BD80B584B000AF786039607B686B
:106D7C0093F88430012B01D102232DE07B68012292
:106D8C0083F884207B682422C3F888207B681B68E6
:106D9C001B68FB607B681B681A687B681B6822F0A9
:106DAC0001021A607B681B689B6823F060617B683A
:106DBC001B683A680A439A60786800F011F87B689F
:106DCC001B68FA681A607B682022C3F888207B68ED
:106DDC00002283F88420002318461037BD4680BD5E
:106DEC0080B485B000AF78607B685B6E002B08D1F7
:106DFC007B680122A3F86A207B680122A3F8682033
:106E0C0031E00823FB730823BB737B681B689B680A
:106E1C005B0EDBB203F007037B737B681B689B681C
:106E2C005B0FDBB203F007033B73BB7B3A7B11496F
:106E3C008A5C02FB03F33A7B0F498A5C93FBF2F307
:106E4C009AB27B68A3F86A20FB7B7A7B09498A5C3F
:106E5C0002FB03F37A7B08498A5C93FBF2F39AB248
:106E6C007B68A3F8682000BF1437BD465DF8047B2F
:106E7C00704700BFF4AD0008FCAD000880B588B0C9
:106E8C0000AF0023FB7107F10803182200211846FC
:106E9C0001F09FF93F233B8181237B81FB1DBB616B
:106EAC000123FB6107F108030021184601F042FDA4
:106EBC000346002B01DAFF2300E0FB79184620374C
:106ECC00BD4680BDB0B5CEB000AF05460C461046F1
:106EDC00194607F59C73A3F231132A461A7007F56D
:106EEC009C73A3F59A7322461A8007F59C73A3F53D
:106EFC009B7302461A8007F59C73A3F599730A4697
:106F0C001A7007F11003C7F8343197F84C31083375
:106F1C0007F110021344C7F8303197F84C2197F859
:106F2C0054311344093307F110021344C7F82C31C0
:106F3C0007F59C73A3F2291300221A700023C7F8DB
:106F4C002831D7F8343107F59C72A2F2311212783D
:106F5C001A70D7F828310133C7F82831D7F83431F3
:106F6C0007F59C72A2F59A721288A3F80120D7F843
:106F7C0028310233C7F82831D7F8343107F59C7221
:106F8C00A2F59B721288A3F80320D7F8283102339C
:106F9C00C7F82831D7F8343107F59C72A2F59972ED
:106FAC0012785A71D7F828310133C7F82831D7F83D
:106FBC00343197F848219A71D7F828310133C7F842
:106FCC002831D7F8343197F84C21DA71D7F82831B9
:106FDC000133C7F82831D7F83431083397F84C21EE
:106FEC00D7F85011184601F0E4F897F84C31D7F85F
:106FFC0028211344C7F82831D7F8303197F8542199
:10700C001A70D7F828310133C7F82831D7F8303146
:10701C00013397F85421D7F85811184601F0C9F8E4
:10702C0097F85431D7F828211344C7F82831D7F8EA
:10703C002C31B7F85C211A80D7F828310233C7F805
:10704C002831D7F82C31B7F860215A80D7F828317D
:10705C000233C7F8283107F5887318220021184627
:10706C0001F0B7F83F23A7F810318323A7F81231AA
:10707C0007F11003C7F81831D7F82831C7F81C31BD
:10708C0007F10F03C7F820310123C7F8243107F5A6
:10709C0088730021184601F04DFC0346002B01DAE1
:1070AC00FF2304E007F59C73A3F229131B78184601
:1070BC0007F59C77BD46B0BD80B5CCB000AF02469D
:1070CC0007F59873A3F229131A7007F11003C7F888
:1070DC002C3107F59873A3F2211300221A700023A8
:1070EC00C7F82831D7F82C3107F59872A2F229127B
:1070FC0012781A70D7F828310133C7F8283107F500
:10710C00887318220021184601F063F83F23A7F872
:10711C0010318523A7F8123107F11003C7F8183185
:10712C00D7F82831C7F81C3107F10F03C7F8203105
:10713C000123C7F8243107F588730021184601F0A4
:10714C00F9FB0346002B01DAFF2304E007F59873E3
:10715C00A3F221131B78184607F59877BD4680BD1E
:10716C00B0B5CCB000AF05460C461046194607F535
:10717C009873A3F229132A461A7007F59873A3F58E
:10718C00957322461A7007F59873A3F22B130246D7
:10719C001A7007F59873A3F596730A461A7007F1DF
:1071AC001003C7F82C3107F59873A3F221130022B2
:1071BC001A700023C7F82831D7F82C3107F59872CC
:1071CC00A2F2291212781A70D7F828310133C7F8B5
:1071DC002831D7F82C3107F59872A2F595721278F0
:1071EC005A70D7F828310133C7F82831D7F82C3129
:1071FC0007F59872A2F22B1212789A70D7F82831F0
:10720C000133C7F82831D7F82C3107F59872A2F55D
:10721C0096721278DA70D7F828310133C7F8283112
:10722C00D7F82C3197F840211A71D7F8283101334F
:10723C00C7F82831D7F82C3197F844215A71D7F870
:10724C0028310133C7F82831D7F82C3197F8482169
:10725C009A71D7F828310133C7F82831D7F82C3177
:10726C00D7F84C21C3F80720D7F828310433C7F8D6
:10727C002831D7F82C3197F85021DA72D7F8283109
:10728C000133C7F8283107F58873182200211846F6
:10729C0000F09FFF3F23A7F810318623A7F8123187
:1072AC0007F11003C7F81831D7F82831C7F81C318B
:1072BC0007F10F03C7F820310123C7F8243107F574
:1072CC0088730021184601F035FB0346002B01DAC8
:1072DC00FF2304E007F59873A3F221131B781846DB
:1072EC0007F59877BD46B0BD90B5CDB000AF04465C
:1072FC000846114607F59872A2F59872136007F5C7
:10730C009873A3F2291322461A7007F59873A3F504
:10731C00957302461A7007F59873A3F22B130A465D
:10732C001A7007F11003C7F82C3107F10803072274
:10733C000021184600F04DFF0023C7F82831D7F87C
:10734C002C3107F59872A2F2291212781A70D7F81C
:10735C0028310133C7F82831D7F82C3107F598724A
:10736C00A2F5957212785A70D7F828310133C7F804
:10737C002831D7F82C3107F59872A2F22B1212781B
:10738C009A70D7F828310133C7F8283107F588737C
:10739C0018220021184600F01CFF3F23A7F81031DB
:1073AC008A23A7F8123107F11003C7F81831D7F860
:1073BC002831C7F81C3107F10803C7F8203107231F
:1073CC00C7F8243107F588730021184601F0B2FA8A
:1073DC000346002B01DAFF232EE007F59873A3F583
:1073EC0094731B78002B05D007F59873A3F5947351
:1073FC001B7821E007F59873A3F59473B3F801306B
:10740C009AB207F59873A3F598731B681A8007F561
:10741C009873A3F59473B3F803309AB2D7F840314C
:10742C001A8007F59873A3F59473B3F805309AB2E4
:10743C00D7F844311A800023184607F59A77BD46D1
:10744C0090BD80B5CCB000AF024607F59873A3F59C
:10745C009873196007F59873A3F229131A7007F142
:10746C001003C7F82C3107F59873A3F221130022EF
:10747C001A700023C7F82831D7F82C3107F5987209
:10748C00A2F2291212781A70D7F828310133C7F8F2
:10749C002831D7F82C31581C07F59873A3F229130F
:1074AC001A7807F59873A3F59873196800F081FEA4
:1074BC0007F59873A3F229131B78D7F828211344E6
:1074CC00C7F8283107F5887318220021184600F0F8
:1074DC0080FE3F23A7F810318E23A7F8123107F155
:1074EC001003C7F81831D7F82831C7F81C3107F149
:1074FC000F03C7F820310123C7F8243107F588732F
:10750C000021184601F016FA0346002B01DAFF237E
:10751C0004E007F59873A3F221131B78184607F5BE
:10752C009877BD4680BD80B588B000AF0023FB7155
:10753C0007F1080318220021184600F04AFE3F23E9
:10754C003B8192237B81FB1DBB610123FB6107F116
:10755C0008030021184601F0EDF90346002B01DA6F
:10756C00FF2300E0FB7918462037BD4680BD80B56F
:10757C0088B000AF0023FB7107F10803182200212B
:10758C00184600F026FE3F233B8194237B81FB1D94
:10759C00BB610123FB6107F108030021184601F0D0
:1075AC00C9F90346002B01DAFF2300E0FB791846EA
:1075BC002037BD4680BD80B5CCB000AF024607F584
:1075CC009873A3F595731A8007F11003C7F82C3143
:1075DC0007F59873A3F2211300221A700023C7F841
:1075EC002831D7F82C3107F59872A2F595721288CC
:1075FC001A80D7F828310233C7F8283107F5887379
:10760C0018220021184600F0E4FD3F23A7F81031A2
:10761C009523A7F8123107F11003C7F81831D7F8E2
:10762C002831C7F81C3107F10F03C7F820310123AB
:10763C00C7F8243107F588730021184601F07AF950
:10764C000346002B01DAFF2304E007F59873A3F23D
:10765C0021131B78184607F59877BD4680BD80B579
:10766C0088B000AF0023FB7107F10803182200213A
:10767C00184600F0AEFD3F233B8140F201137B81A5
:10768C00FB1DBB610123FB6107F1080300211846B8
:10769C0001F050F90346002B01DAFF2300E0FB79DF
:1076AC0018462037BD4680BD90B5CFB000AF04461C
:1076BC0007F59C70A0F59C7001601046194607F503
:1076CC009C73A3F2311322461A7007F59C73A3F531
:1076DC00997302461A7007F59C73A3F233130A468A
:1076EC001A7007F11003C7F8303107F59C73A3F239
:1076FC0031131B78012B0AD007F59C73A3F23113BD
:10770C001B78022B01D1112302E0012300E003239B
:10771C0007F110021344C7F82C3107F10C030322B4
:10772C000021184600F055FD0023C7F82831D7F882
:10773C00303107F59C72A2F2311212781A70D7F818
:10774C0028310133C7F8283107F59C73A3F23113A4
:10775C001B78012B02D0022B04D007E0022387F800
:10776C00373105E0102387F8373101E097236CE0BF
:10777C00D7F83031581C97F8372107F59C73A3F5CF
:10778C009C73196800F015FD97F83731D7F828214C
:10779C001344C7F82831D7F82C3107F59C72A2F5A1
:1077AC00997212781A70D7F828310133C7F828313A
:1077BC00D7F82C3107F59C72A2F2331212785A705A
:1077CC00D7F828310133C7F8283107F58873182208
:1077DC000021184600F0FDFC3F23A7F810314FF4B0
:1077EC008173A7F8123107F11003C7F81831D7F8D5
:1077FC002831C7F81C3107F10C03C7F820310323DB
:10780C00C7F8243107F588730021184601F092F867
:10781C000346002B01DAFF2317E007F59C73A3F551
:10782C0096731B78002B05D007F59C73A3F5967304
:10783C001B780AE007F59C73A3F59673B3F8013037
:10784C009AB2D7F848311A800023184607F59E776C
:10785C00BD4690BD90B5D1B000AF0446084607F5C3
:10786C00A071A1F59C710A60194607F5A073A3F5E8
:10787C00997322461A8007F5A073A3F233130246BC
:10788C001A7007F5A073A3F59D730A461A8007F1C9
:10789C001803C7F8383107F5A073A3F233131B781C
:1078AC00012B0AD007F5A073A3F233131B78022B1C
:1078BC0001D1132302E0032300E0052307F1180292
:1078CC001344C7F8343107F114030322002118467E
:1078DC0000F07FFC0023C7F83031D7F8383107F5BA
:1078EC00A072A2F5997212881A80D7F8303102333F
:1078FC00C7F83031D7F8383107F5A072A2F233123D
:10790C0012789A70D7F830310133C7F8303107F557
:10791C00A073A3F233131B78012B02D0022B04D0DB
:10792C0007E0022387F83F3105E0102387F83F3149
:10793C0001E0972391E0D7F83831D81C97F83F2114
:10794C0007F5A073A3F59C73196800F032FC97F847
:10795C003F31D7F830211344C7F83031D7F83431E0
:10796C0007F5A072A2F59D7212881A80D7F83031F3
:10797C000233C7F83031D7F8343197F850219A7068
:10798C00D7F830310133C7F83031D7F8343197F8A4
:10799C005421DA70D7F830310133C7F83031D7F8C9
:1079AC00343197F858211A71D7F830310133C7F8B0
:1079BC003031D7F8343197F85C215A71D7F830311F
:1079CC000133C7F83031D7F8343197F860219A7108
:1079DC00D7F830310133C7F8303107F58C731822E2
:1079EC000021184600F0F5FB3F23A7F818314FF49F
:1079FC008273A7F81A3107F11803C7F82031D7F8AA
:107A0C003031C7F8243107F11403C7F828310323A8
:107A1C00C7F82C3107F58C730021184600F08AFF4B
:107A2C000346002B01DAFF2317E007F5A073A3F53B
:107A3C0096731B78002B05D007F5A073A3F59673EE
:107A4C001B780AE007F5A073A3F59673B3F8013021
:107A5C009AB2D7F864311A800023184607F5A2773A
:107A6C00BD4690BDB0B5CCB000AF05460C46104637
:107A7C00194607F59873A3F595732A461A8007F5EE
:107A8C009873A3F5967322461A8007F59873A3F2A0
:107A9C002D1302461A7007F59873A3F597730A46CF
:107AAC001A7007F11003C7F82C3107F59873A3F27D
:107ABC00211300221A700023C7F82831D7F82C3173
:107ACC0007F59872A2F5957212881A80D7F82831AA
:107ADC000233C7F82831D7F82C3107F59872A2F584
:107AEC00967212885A80D7F828310233C7F8283199
:107AFC00D7F82C3107F59872A2F22D1212781A7160
:107B0C00D7F828310133C7F82831D7F82C3107F5CD
:107B1C009872A2F5977212785A71D7F828310133FE
:107B2C00C7F82831D7F82C31981D07F59873A3F5B1
:107B3C0097731B781A46D7F8401100F03AFB07F5FB
:107B4C009873A3F597731B78D7F828211344C7F8BB
:107B5C00283107F5887318220021184600F039FBEC
:107B6C003F23A7F810314FF48373A7F8123107F1B4
:107B7C001003C7F81831D7F82831C7F81C3107F1B2
:107B8C000F03C7F820310123C7F8243107F5887398
:107B9C000021184600F0CEFE0346002B01DAFF232D
:107BAC0004E007F59873A3F221131B78184607F528
:107BBC009877BD46B0BD80B5CCB000AF07F59873D3
:107BCC00A3F598731A6007F59873A3F2291302466C
:107BDC001A7007F59873A3F595730A461A7007F196
:107BEC001003C7F82C3107F59873A3F22113002268
:107BFC001A700023C7F82831D7F82C3107F5987282
:107C0C00A2F2291212781A70D7F828310133C7F86A
:107C1C002831D7F82C3107F59872A2F595721278A5
:107C2C005A70D7F828310133C7F82831D7F82C31DE
:107C3C00981C07F59873A3F595731A7807F5987344
:107C4C00A3F59873196800F0B4FA07F59873A3F5C7
:107C5C0095731B78D7F828211344C7F8283107F5FA
:107C6C00887318220021184600F0B3FA3F23A7F8B6
:107C7C0010310C23A7F8123107F11003C7F8183193
:107C8C00D7F82831C7F81C3107F10F03C7F820319A
:107C9C000123C7F8243107F588730021184600F03A
:107CAC0049FE0346002B01DAFF2304E007F5987325
:107CBC00A3F221131B78184607F59877BD4680BDB3
:107CCC0080B5CCB000AF024607F59873A3F2291328
:107CDC001A7007F59873A3F595730A461A7007F195
:107CEC001003C7F82C3107F59873A3F22113002267
:107CFC001A700023C7F82831D7F82C3107F5987281
:107D0C00A2F2291212781A70D7F828310133C7F869
:107D1C002831D7F82C3107F59872A2F595721278A4
:107D2C005A70D7F828310133C7F8283107F5887312
:107D3C0018220021184600F04CFA3F23A7F8103106
:107D4C000F23A7F8123107F11003C7F81831D7F831
:107D5C002831C7F81C3107F10F03C7F82031012374
:107D6C00C7F8243107F588730021184600F0E2FDAE
:107D7C000346002B01DAFF2304E007F59873A3F206
:107D8C0021131B78184607F59877BD4680BD80B542
:107D9C00CCB000AF024607F59873A3F595731A8023
:107DAC0007F11003C7F82C3107F59873A3F22113D0
:107DBC0000221A700023C7F82831D7F82C3107F5A8
:107DCC009872A2F5957212881A80D7F8283102336E
:107DDC00C7F8283107F5887318220021184600F0DF
:107DEC00F8F93F23A7F810311823A7F8123107F13F
:107DFC001003C7F81831D7F82831C7F81C3107F130
:107E0C000F03C7F820310123C7F8243107F5887315
:107E1C000021184600F08EFD0346002B01DAFF23EB
:107E2C0004E007F59873A3F221131B78184607F5A5
:107E3C009877BD4680BD80B588B000AF0023FB713C
:107E4C0007F1080318220021184600F0C2F9032399
:107E5C003B8103237B81FB1DBB610123FB6107F18C
:107E6C0008030021184600F065FD0346002B01DADB
:107E7C00FF2300E0FB7918462037BD4680BD80B556
:107E8C00CEB000AF07F59C73A3F59873196007F596
:107E9C009C73A3F59A731A6007F59C73A3F59573FD
:107EAC0002461A8007F11803C7F8343107F11003A2
:107EBC0005220021184600F08CF90023C7F8303158
:107ECC00D7F8343107F59C72A2F5957212881A8096
:107EDC00D7F830310233C7F8303107F58C731822DC
:107EEC000021184600F075F90823A7F81831302343
:107EFC00A7F81A3107F11803C7F82031D7F8303139
:107F0C00C7F8243107F11003C7F828310523C7F847
:107F1C002C3107F58C730021184600F00BFD03463D
:107F2C00002B01DAFF2323E007F59C73A3F5947370
:107F3C001B78002B05D007F59C73A3F594731B7865
:107F4C0016E007F59C73A3F59473DA7807F59C7328
:107F5C00A3F598731B681A7007F59C73A3F59473BB
:107F6C001A7907F59C73A3F59A731B681A70002392
:107F7C00184607F59C77BD4680BD90B5CDB000AFD7
:107F8C0004460846114607F59873A3F229132246B6
:107F9C001A7007F59873A3F5957302461A7007F5D6
:107FAC009873A3F22B130A461A7007F11003C7F843
:107FBC002C3107F59873A3F2211300221A700023B9
:107FCC00C7F82831D7F82C3107F59872A2F229128C
:107FDC0012781A70D7F828310133C7F82831D7F83E
:107FEC002C3107F59872A2F5957212785A70D7F861
:107FFC0028310133C7F82831D7F82C3107F598729E
:10800C00A2F22B1212789A70D7F828310133C7F8E4
:10801C00283107F5887318220021184600F0D9F88A
:10802C000823A7F810313123A7F8123107F11003F8
:10803C00C7F81831D7F82831C7F81C3107F10F03EE
:10804C00C7F820310123C7F8243107F588730021C4
:10805C00184600F06FFC0346002B01DAFF2304E006
:10806C0007F59873A3F221131B78184607F59A7736
:10807C00BD4690BDB0B5CCB000AF05460C46104621
:10808C00194607F59873A3F595732A461A8007F5D8
:10809C009873A3F5967322461A8007F59873A3F587
:1080AC00977302461A8007F59873A3F598730A46DE
:1080BC001A8007F11003C7F82C3107F59873A3F257
:1080CC00211300221A700023C7F82831D7F82C315D
:1080DC0007F59872A2F5957212881A80D7F8283194
:1080EC000233C7F82831D7F82C3107F59872A2F56E
:1080FC00967212885A80D7F828310233C7F8283183
:10810C00D7F82C3107F59872A2F5977212889A80DD
:10811C00D7F828310233C7F82831D7F82C3107F5B6
:10812C009872A2F598721288DA80D7F82831023347
:10813C00C7F82831D7F82C31B7F840211A81D7F875
:10814C0028310233C7F8283107F58873182200212B
:10815C00184600F03EF83F23A7F8103140F2811387
:10816C00A7F812310F23C7F8143107F11003C7F821
:10817C001831D7F82831C7F81C3107F10F03C7F8AD
:10818C0020310123C7F8243107F5887300211846E4
:10819C0000F0D0FB0346002B01DAFF2304E007F5C7
:1081AC009873A3F221131B78184607F59877BD46F0
:1081BC00B0BD80B584B000AFF860B9607A607A6801
:1081CC00B968F86802F0BAFC034618461037BD4689
:1081DC0080BD80B584B000AFF860B9607A607A6811
:1081EC00B968F86802F07EFC034618461037BD46A5
:1081FC0080BD000080B58AB000AF7860002387F89E
:10820C0027307B6801333B623B6A1B78FF2B4CD1D8
:10821C003B6A0233FB61FB691B889BB21A4640F632
:10822C0001439A423DD1FB690233BB61BB695B8858
:10823C009BB21A46204B9B8802339A4218D10123D9
:10824C0087F82730BB691B7A03F00103002B07D09A
:10825C0000233B7207F10803184601F001FD22E0F0
:10826C0001233B7207F10803184601F0F9FC1AE0F0
:10827C00BB695B889BB21A460F4B5B8801339A42F1
:10828C0011D103233B72BB69DB889BB2DBB23B741D
:10829C00BB690833FB6007F10803184601F0E0FCEA
:1082AC0001E000BF02E000BF00E000BF97F82730FC
:1082BC0018462837BD4680BDC008002080B58AB05E
:1082CC0006AF4A4800F06CF98F233B70E5237B70B6
:1082DC00B323BB70D523FB702E233B717F237B71A3
:1082EC004A23BB719823FB712A233B7248237B7270
:1082FC007A23BB72CC23FB7240233B73FE237B732C
:10830C000023BB730023FB733946394B00930823BE
:10831C0001220220FFF7C8F919233B70ED237B7073
:10832C008223BB70AE23FB70ED233B7121237B7149
:10833C004C23BB719D23FB7141233B7245237B7204
:10834C002223BB728E23FB7241233B73FE237B7370
:10835C000023BB730023FB73254B18883A46254B2F
:10836C000593012304930A2303930123029300230F
:10837C0001930623009302230221FFF76BFA1923C2
:10838C003B70ED237B708223BB70AE23FB70ED231F
:10839C003B7121237B714C23BB719D23FB714123CA
:1083AC003B7245237B722223BB728E23FB724223CA
:1083BC003B73FE237B730023BB730023FB730C4BBB
:1083CC0018883A460C4B0593012304930A23039314
:1083DC00012302930023019310230093C023022155
:1083EC00FFF738FA00BF1037BD4680BD0182000888
:1083FC00C0080020C2080020C408002080B586B048
:10840C0002AF03463960FB809223FB73FB884FF667
:10841C00426293420CD1094B1888084B99883B68EF
:10842C000093C0230022FFF71DFB0346FB7300E003
:10843C0000BFFB7B18461037BD4680BDC00800202E
:10844C0080B400AF00BFBD465DF8047B704780B4BC
:10845C0000AF00BFBD465DF8047B704780B400AF31
:10846C0000BFBD465DF8047B704780B400AF00BF11
:10847C00BD465DF8047B704780B400AF00BFBD46BD
:10848C005DF8047B704780B400AF00BFBD465DF85B
:10849C00047B704780B400AF00BFBD465DF8047B21
:1084AC00704780B400AF00BFBD465DF8047B7047D9
:1084BC0080B400AF00BFBD465DF8047B704780B44C
:1084CC0000AF00BFBD465DF8047B704780B400AFC1
:1084DC0000BFBD465DF8047B704780B400AF00BFA1
:1084EC00BD465DF8047B704780B400AF00BFBD464D
:1084FC005DF8047B704780B400AF00BFBD465DF8EB
:10850C00047B704780B400AF00BFBD465DF8047BB0
:10851C00704780B400AF00BFBD465DF8047B704768
:10852C0080B400AF00BFBD465DF8047B704700000F
:10853C0080B500AF044B00221A77044B00221A704E
:10854C0000F006F800BF80BDC8080020E808002035
:10855C0080B500AFFFF774FFFFF779FFFFF77EFFE1
:10856C00FFF783FFFFF788FFFFF78DFFFFF792FF01
:10857C00FFF797FFFFF79CFFFFF7A1FFFFF7A6FFA1
:10858C00FFF7ABFFFFF79AFEFFF7AEFFFFF7B3FF66
:10859C00FFF7BFFFFFF7B6FFFFF7C2FF00BF80BDBD
:1085AC0080B483B000AF7860094B1B7F1946084A32
:1085BC007B6842F82130064B1B7F0133DAB2044B47
:1085CC001A7700BF0C37BD465DF8047B704700BFBF
:1085DC00C808002080B586B000AF78607B68013396
:1085EC003B610023FB753B691B78FF2B25D13B6955
:1085FC000233FB60FB681B889BB203F47F43B3F52B
:10860C00406F18D100237B750DE07B7D1A4A52F820
:10861C002330786898470346FB75FB7D002B08D107
:10862C007B7D01337B75144B1B7F7A7D9A42ECD397
:10863C0002E000BF00E000BF00E000BFFB7D022BAA
:10864C000FD0022B10DC002B02D0012B06D00BE03C
:10865C00786800F0A9FF0346BB7508E00123BB75E1
:10866C0005E00023BB7502E00123BB7500BFBB7D99
:10867C0018461837BD4680BDC808002080B588B0A4
:10868C0000AF786007F10C03FB617B6803F10C020F
:10869C00FB692E214FF6664000F0E2FAFB690B33C2
:1086AC00DB7818462037BD4680BD80B588B000AF5A
:1086BC00786007F10C03FB617B6803F10C02FB692A
:1086CC000F214FF6684000F0CBFAFB690B33DB78D7
:1086DC0018462037BD4680BD80B588B000AF7860A5
:1086EC0007F10C03FB61FB697A6810214FF67540AA
:1086FC0000F0B6FAFB690B33DB7818462037BD4621
:10870C0080BD000080B48BB000AF786000233B616B
:10871C000023FB6000237B6200233B620023FB6190
:10872C000023BB600023BB6100237B614A4BDB6BE6
:10873C00C3F30D033B613B699B0003F1005303F54D
:10874C0040331B68BB60BB681B68444A93420FD123
:10875C00BB685B697B62BB689B693B62BB68DB691E
:10876C00FB61BB68DB68BB61BB681B697B611AE0A2
:10877C003B699B0003F1005303F54033FB60FB683E
:10878C001B681B697B62FB681B685B693B62FB684F
:10879C001B689B69FB61FB681B685B68BB61FB68C2
:1087AC001B689B687B617B6A1B0EDAB27B681A7054
:1087BC007B6A1B0CDAB27B685A707B6A1B0ADAB2D2
:1087CC007B689A707B6A1B09DBB203F00F03DAB289
:1087DC007B68DA707B6ADBB203F00F03DAB27B687A
:1087EC001A713B6A1B0EDAB27B685A713B6A1B0C1E
:1087FC00DAB27B689A713B6A1B0ADAB27B68DA716F
:10880C003B6ADAB27B681A72FB69DAB27B685A721D
:10881C00BB691B0EDAB27B689A72BB691B0CDAB2AD
:10882C007B68DA72BB691B0ADAB27B681A737B69E4
:10883C001B0EDAB27B685A737B691B0CDAB27B684D
:10884C009A737B69DAB27B68DA73002318462C378B
:10885C00BD465DF8047B704700400058B95646A9E8
:10886C0080B582B000AF786039603B685B68084ABD
:10887C001360084A7B68D361064800F073F93B68C3
:10888C001B68184600F0D4F800BF0837BD4680BD01
:10889C00D00B0020A80B002080B584B000AF22487C
:1088AC0000F028FD0346002B2BD1204B1B78002B0E
:1088BC0027D007F10C0319461B4800F0AAFD1C4BEE
:1088CC00DB69002B0CD0FB68BB6001233B71184BA0
:1088DC00DB693A1D104698473A79144B1A7002E03E
:1088EC00124B01221A70114B1B78002B04D0FB6821
:1088FC00184600F003FC04E0FB6819460A4800F037
:10890C001BFD094800F0F6FC0346002B07D1074B72
:10891C001B78002B03D0044801F048F900BF00BFBE
:10892C001037BD4680BD00BFF0080020FC080020B9
:10893C00A80B002080B588B000AF78600B46FB70A8
:10894C00002000F0CBF80023FB777B685B881BB220
:10895C00C3F309031AB27B681B889B021BB2134337
:10896C001BB2BB837B68DB68D9B27B689A68BB8B14
:10897C00184600F08DF84EE048F2E80001F02DF9B1
:10898C0043E007F10C031946284800F042FDFB6850
:10899C005B7A0F2B14D1FB680B333B613B695B8813
:1089AC009BB2BA8B9A4204D17B681B693A691278E4
:1089BC001A703B695B78002B27D00123FB7724E0EE
:1089CC00FB680B33BB61BB69B3F801309BB2BA8B4C
:1089DC009A4214D1FB689B7A033BFB757B685A69FE
:1089EC00FB7D9A42A8BF1A467B685A617B6818695E
:1089FC00BB69D91C7B685B691A4602F09FF8BB699E
:108A0C001B78002B01D00123FB77084800F072FC87
:108A1C000346002BB5D0FB7F002BADD0012000F01E
:108A2C005DF8002318462037BD4680BDC80B0020DA
:108A3C0080B586B000AF78600F4800F04BFC0F4A51
:108A4C007B6813600E4800F045FC0E4B01221A7037
:108A5C000D4B1B68002B0AD07B683B610B4BBB603A
:108A6C00094B1B6807F108021046984700BF00BF6E
:108A7C001837BD4680BD00BFC80B0020F808002089
:108A8C00F0080020FC080020A80B0020298B00080F
:108A9C0080B582B000AF03463A60FB800B467B7119
:108AAC000C4B1B68FA88A3F809200A4B1B687A79CF
:108ABC00DA72084B1B680C337A793968184602F065
:108ACC003DF8054B1B6900210020984700BF083773
:108ADC00BD4680BDF8080020A80B002080B582B0F0
:108AEC0000AF0346FB71FB79002B08D10A4B1B68C6
:108AFC00002B0DD0084B1B680020984708E0064B54
:108B0C001B68002B04D0044B1B680120984700BF46
:108B1C0000BF0837BD4680BDD00B002080B582B0A9
:108B2C0000AF78607B685B7A0F2B03D07B685B7A35
:108B3C000E2B07D17968094800F024FC002001F0C5
:108B4C0041F806E07968064800F01CFC044801F086
:108B5C002DF800BF0837BD4680BD00BFC80B0020F4
:108B6C00F008002080B483B000AF78607B68054AC1
:108B7C001A607B68044A1A6100BF0C37BD465DF869
:108B8C00047B7047818E0008E98E000880B582B0A6
:108B9C0000AF786039603B685B68084A1360084A2C
:108BAC007B68D361064800F011F93B681B681846D6
:108BBC0000F094F800BF0837BD4680BDF40B0020D0
:108BCC00D40B002080B584B000AF224800F092FB9B
:108BDC000346002B2BD1204B1B78002B27D007F101
:108BEC000C0319461B4800F014FC1C4BDB69002BD2
:108BFC000CD0FB68BB6001233B71184BDB693A1D41
:108C0C00104698473A79144B1A7002E0124B012225
:108C1C001A70114B1B78002B04D0FB68184600F01F
:108C2C006DFA04E0FB6819460A4800F085FB094818
:108C3C0000F060FB0346002B07D1074B1B78002B81
:108C4C0003D00448F7F76CFF00BF00BF1037BD46D8
:108C5C0080BD00BF0009002010090020D40B0020AB
:108C6C0080B584B000AFBA607B600346FB810B46D5
:108C7C007B73002000F064F8164B1B68FA89A3F88C
:108C8C000920144B1B687A7BDA72124B1B680C336D
:108C9C007A7BB968184601F051FF0F4B1B69002114
:108CAC000020984748F2E800F7F751FF7B6803F182
:108CBC000800084B1968074B1B689B7803331A464E
:108CCC0001F03CFF012000F03BF800BF1037BD461F
:108CDC0080BD00BF0C090020D40B002080B586B0ED
:108CEC0000AF7860104A7B681360104800F0F2FA0D
:108CFC00012000F025F80E4B01221A700D4B1B6859
:108D0C00002B0CD07B687B610B4BFB600B4B3B61EE
:108D1C00084B1B6807F10C021046984700BF00BFB8
:108D2C001837BD4680BD00BF0C090020000900208B
:108D3C0010090020D40B00209D8D0008B58D000873
:108D4C0080B582B000AF0346FB71FB79002B0BD1D1
:108D5C000D4B1B68002B03D00B4B1B680020984756
:108D6C000A4B00221A700BE0084B01221A70064BBA
:108D7C001B68002B04D0044B1B680120984700BFD4
:108D8C0000BF0837BD4680BDF40B00200809002049
:108D9C0080B582B000AF78600020F7F7CDFE00BF41
:108DAC000837BD4680BD000080B582B000AF78604A
:108DBC007968054800F0E6FA0348F7F7B1FE00BF02
:108DCC000837BD4680BD00BF0009002080B483B0C9
:108DDC0000AF78607B68054A1A607B68044A1A61A8
:108DEC0000BF0C37BD465DF8047B7047958F0008BB
:108DFC00E98F000880B500AF01F026FB00BF80BDF5
:108E0C0080B500AF104B114A1A600F4B104A5A60D4
:108E1C000D4B104A9A600C4B0F4A1A620A4B0F4AC0
:108E2C005A62094B0E4ADA60074B0E4A1A61064B1E
:108E3C000D4A5A61044B0D4A9A61034B0C4ADA6194
:108E4C0001F016FB00BF80BD0000032028000320AA
:108E5C004800032058000320680003207000032002
:108E6C0078000320800003209C000320A000032036
:108E7C00AC00032080B584B000AF78607B68FB60E9
:108E8C00114800F027FA114B5B68BB60FB689A68CD
:108E9C00BB681A60FB68DA68BB68DA60BB680C4AAE
:108EAC005A60BB68084A9A6001F0F8FAFB681B68C4
:108EBC00084A1360FB685B68074A13600023184676
:108ECC001037BD4680BD00BFC80003200000032042
:108EDC00B0080020000C0020040C002080B582B0EB
:108EEC0000AF78600B467B80094B5B681B680122E6
:108EFC001A72074B5B681B681946012000F06CF96D
:108F0C0001F0D6FA002318460837BD4680BD00BFD5
:108F1C000000032080B582B000AF1CE03B1D194659
:108F2C00124800F076FA7B685B7A0F2B03D07B68D3
:108F3C005B7A0E2B05D17B681946022000F04CF9A8
:108F4C0004E07B681946032000F046F9084B1B68C7
:108F5C007A6810469847054800F0CCF90346002B78
:108F6C00DCD000BF0837BD4680BD00BFC800032061
:108F7C00000C002080B500AF024B1B68984700BF67
:108F8C0080BD00BF040C002080B584B000AF7860B9
:108F9C007B68FB600D4800F09DF90D4BDB68BB60F6
:108FAC00FB689A68BB681A60BB68084A5A6001F093
:108FBC00A1FAFB681B68074A1360FB685B68064AEA
:108FCC001360002318461037BD4680BDD000032027
:108FDC0000000320080C00200C0C002080B582B08F
:108FEC0000AF78600B467B80094BDB681B68102256
:108FFC001A72074BDB681B681946042000F0ECF86A
:10900C0001F082FA002318460837BD4680BD00BF28
:10901C000000032080B500AF074BDB681B681946C6
:10902C00052000F0D9F8054B1B68034AD26812687A
:10903C001046984700BF80BD00000320080C00209C
:10904C0080B582B000AF0EE03B1D19460B4800F016
:10905C00E0F97B681946062000F0BEF8084B1B6847
:10906C007A6810469847054800F044F90346002BEF
:10907C00EAD000BF0837BD4680BD00BFD00003203A
:10908C000C0C002080B582B000AF7860174800F05F
:10909C0021F9174800F01EF9164B1B69164A13608C
:1090AC00154B1B687A6892689A60134B1B687A6838
:1090BC00D268DA60104B1B680C4A1A610E4B1B68A5
:1090CC007A6812681A600C4B1B687A6852685A608E
:1090DC00094B1B687A6812695A61074B1B687A68DE
:1090EC0052699A6100BF0837BD4680BDB8000320A5
:1090FC00F80B002000000320100C002080B582B07B
:10910C0000AF78607968074800F03CF97968002076
:10911C0000F062F8044801F01DFA00BF0837BD46A4
:10912C0080BD00BFF80B00203991000880B582B0DB
:10913C0000AF0CE03B1D19460A4800F06AF90A4BD7
:10914C001B691B697A681146184600F01BF9054823
:10915C0000F0D0F80346002BECD000BF0837BD461A
:10916C0080BD00BFF80B00200000032080B500AFCD
:10917C00054800F0AFF8054B5B69034A1A6001F033
:10918C001FFA00BF80BD00BFC000032000000320F9
:10919C0080B582B000AF08E03B1D1946084800F0CE
:1091AC0038F97B68184600F00DF8054800F0A2F875
:1091BC000346002BF0D000BF0837BD4680BD00BF72
:1091CC00C000032080B483B000AF786000BF0C37C0
:1091DC00BD465DF8047B704780B485B000AF034694
:1091EC003960FB71FB79062B45D801A252F823F0AC
:1091FC00199200083D92000843920008579200080B
:10920C006392000869920008779200083B68FB6043
:10921C00FB685B7AFF2B05D0FF2B05DC0E2B05D0F2
:10922C000F2B01E000BF27E000BF25E000BF23E0CB
:10923C003B68BB6020E03B68FB60FB685B7A0E2BF5
:10924C0001D00F2B00E000BF16E03B68FB60FB6811
:10925C005B7AFF2B10E03B68BB600DE03B68FB606A
:10926C00FB685B7A0E2B00BF06E03B68FB60FB687B
:10927C005B7AFF2B00E000BF00BF1437BD465DF8E2
:10928C00047B704780B485B000AF0346FB710F4B75
:10929C00FB6002E0FB68083BFB60FB6807331B7854
:1092AC00FA799A4203D0FB68094A9342F2D1FB68DF
:1092BC0007331B78FA799A4201D00023FB60FB68D4
:1092CC0018461437BD465DF8047B7047F873FF1FD2
:1092DC000070FF1F80B483B000AF78607B687A6841
:1092EC001A607B687A685A6000BF0C37BD465DF81F
:1092FC00047B704780B487B000AF7860EFF31083C5
:10930C00FB60FB683B6172B600BF7B681B687A68C8
:10931C009A4202D10123FB7501E00023FB753B69E6
:10932C00BB60BB6883F3108800BFFB7D18461C37FD
:10933C00BD465DF8047B704780B487B000AF7860A1
:10934C003960EFF31083FB60FB687B6172B600BF82
:10935C007B681A683B681A603B687A685A607B685D
:10936C003A681A603B681B683A685A607B693B61D3
:10937C003B6983F3108800BF00BF1C37BD465DF806
:10938C00047B704780B487B000AF78603960EFF32E
:10939C001083FB60FB687B6172B600BF3B687A6828
:1093AC001A607B685A683B685A607B683A685A60F6
:1093BC003B685B683A681A607B693B613B6983F385
:1093CC00108800BF00BF1C37BD465DF8047B70479A
:1093DC0080B487B000AF7860EFF31083FB60FB685C
:1093EC007B6172B600BF7B685B687A6812681A6032
:1093FC007B681B687A6852685A607B693B613B6981
:10940C0083F3108800BF00BF1C37BD465DF8047B9A
:10941C00704780B586B000AF78603960EFF3108389
:10942C00FB60FB687B6172B600BF7B681A683B68A7
:10943C001A607B681B681846FFF7CAFF7B693B61A3
:10944C003B6983F3108800BF00BF1837BD4680BD51
:10945C0080B400AF034B1B681846BD465DF8047B17
:10946C00704700BF8075FF1F80B400AF034B1B68B3
:10947C00DBB21846BD465DF8047B70478475FF1F50
:10948C0080B400AF034B1B681B0A1846BD465DF841
:10949C00047B70478475FF1FB0B590B000AF92236A
:1094AC0087F83F30334B3C1D1D460FCD0FC40FCDFD
:1094BC000FC40FCD0FC495E8070003C4228000F041
:1094CC0049F90121022001F0A3F82B4A00210820C0
:1094DC0001F0CAF93B1D1846FFF7D0F8034687F890
:1094EC003E3097F83E30002B01D0F8F791FC00F09D
:1094FC0047F9FFF71DF8214B002283F880201F4B02
:10950C004FF6FF72DA821E4A0021012001F0ACF9FD
:10951C001C4A0021042001F0A7F90620FEF737FCB5
:10952C00034687F83F30184B00221A70174B012264
:10953C001A7000F0E7FB164B002216490020F7F7D3
:10954C00FFFF154B002215490020F7F7F9FF0B4BD5
:10955C0000225A76094B00221A76114B80221A806F
:10956C00104BA0221A80012000F0E0F900BF403718
:10957C00BD46B0BDC4AB0008A58800081C0C00207B
:10958C00A19A00088D9B0008A80C0020A90C0020B3
:10959C00C19A00089D0C0020D19A00089E0C002056
:1095AC00A00C0020A20C002080B58CB002AF78601B
:1095BC00922387F827307B6801333B623B6A1B7828
:1095CC00FF2B00F08E80FF2B00F3B680052B02D012
:1095DC003E2B20D0B0E03B6A0233FB60FB68B3F853
:1095EC0001309AB2584BDB8A9A4206D1564B002274
:1095FC00DA82554B002283F88020012000F096F986
:10960C00524B01221A70504BDA8A504B5A804F48F9
:10961C0000F064FB93E03B6A0233BB61BB691B78CF
:10962C000C2B05D00C2B58DC012B17D0032B54E042
:10963C00BB6901337B61444BDB8A07F10A0207F1FA
:10964C000B011846FEF71BFC034687F8273097F8EA
:10965C002730002B43D1FB7A022B40E0BB6901334E
:10966C003B61394B93F881301846F7F7E3FF364BE3
:10967C0093F88030042B0BD101224FF400614FF092
:10968C009040FAF76FF8304B062283F880200AE0FE
:10969C0001224FF400614FF09040FAF763F82A4B27
:1096AC00052283F880203B69B3F801309AB2264B2F
:1096BC00DA82264B00221A70234BDA8A234B5A800B
:1096CC00224800F00BFB204BD88A64230093002324
:1096DC000C220621FEF7CEFC02E000BF2FE000BFFB
:1096EC002DE03B6A0233FB61FB691B889BB2B3F52F
:1096FC00006F10D0B3F5006F20DC40F207429342AC
:10970C0016D0B3F5816F19DA042B13D040F2054251
:10971C00934204D012E00E4B01221A700BE00A4B5C
:10972C00DB8A1846FDF747FF034687F8273002E02F
:10973C0000BF03E000BF01E000BF00E000BF012359
:10974C0018462837BD4680BD1C0C0020A40C0020F8
:10975C00A90C002080B582B000AF064B3B60064BD5
:10976C007B603B4619460548FFF77AF800BF08377F
:10977C00BD4680BDD8000320359C0008FD9B000829
:10978C00F0B58DB006AF00233B809223FB75FEF73E
:10979C0052FB0346FB7500F039F938613A69062132
:1097AC000020FEF708FA0346FB753B6905331A786F
:1097BC00584B1A723B6904331A78564B5A723B69F0
:1097CC0003331A78534B9A723B6902331A78514B14
:1097DC00DA723B6901331A784E4B1A733B691A786B
:1097EC004C4B5A734C4A10211820FEF7E4F90346EF
:1097FC00FB754A4A10210820FEF7DDF90346FB757C
:10980C0018210120FEF75CFA0346FB75FDF727FFD4
:10981C000346FB750023FB73FB7B43F00103FB73D7
:10982C00FB7B002B1FD03E4BBB60BA1DF87BBB1CD7
:10983C0001933B1D0093134607220021FDF754FDB5
:10984C000346FB75FC88BD88B868F6F791FC0346A7
:10985C00DAB2BB6800931346002229462046FEF775
:10986C0001F90346FB75F88879883B46009302237F
:10987C000022FEF7F7F80346FB75022202210020B6
:10988C00FEF77BFB0346FB75264B03221A70254B18
:10989C001B781846FDF710FC0346FB75214B002284
:1098AC005A70204B08221A711E4B10225A711D4BF4
:1098BC000022DA701B4B1C4A9A601A4B00229A70D9
:1098CC00184B9C78174B5D78164B1B79154A5279BF
:1098DC001449C978134880680026049603900291B5
:1098EC00019200930023012229462046FDF738FC03
:1098FC000346FB75FDF73BFE0346FB75094B9B7856
:10990C00002B03D0FDF70FFE0346FB7500BF1C3781
:10991C00BD46F0BD1C0000200CAE00081CAE0008BB
:10992C0000AC00081C0C002007B2010080B58CB004
:10993C0008AF0346FB719223FB72FB79012B06D116
:10994C002B4B1B88FB812B4B1B88BB8105E04FF4F9
:10995C00C863FB814FF47A63BB81274B93F881304A
:10996C001846F7F767FEFB79022B0DD1224B93F8C3
:10997C008030012B04D0204B93F88030022B03D184
:10998C00FDF77CFA0346FB721B4AFB7982F88030A8
:10999C00194B1B7EBA89F98900200690002005908E
:1099AC00164804900393164B02930B230193002348
:1099BC00009300230020FDF785FA0346FB72114942
:1099CC000E20FDF73EFD0346FB72FB7A002B0AD1FD
:1099DC00FB79012B07D1084B93F881300A491846C3
:1099EC00F7F7ACFE00BF00BF1037BD4680BD00BF0F
:1099FC00A00C0020A20C00201C0C0020350C002018
:109A0C002CAE00081C00002046E0010080B586B09A
:109A1C0000AFFFF71DFD38613B69B3F1FF3F23D069
:109A2C00FFF72EFDB860FFF71FFD78603B69DAB2D7
:109A3C00164B1A703B691B0ADAB2144B5A707B68CE
:109A4C00DAB2124B9A70BB68DAB2104BDA70BB68A0
:109A5C001B0ADAB20D4B1A71BB681B0CDAB20B4B3A
:109A6C005A710A4B7B610BE00020FFF70BFCF8608E
:109A7C00FB68002B02D0FB687B6101E0044B7B612F
:109A8C007B6918461837BD4680BD00BF140C0020FA
:109A9C0004AE000880B500AF054B93F88030052B61
:109AAC0003D00220FFF742FF00BF00BF80BD00BF04
:109ABC001C0C002080B500AF0021012000F0F6FE48
:109ACC0000BF80BD80B400AF00BFBD465DF8047B15
:109ADC007047000090B589B002AF0346FB80244B61
:109AEC001B78012B3FD1224B00221A70214B1B7883
:109AFC000133002B03F00103B8BF5B42DAB21D4BFC
:109B0C001A701C4B1B781C4A9B00134493ED007A73
:109B1C00F7EE046AC7EE267AFDEEE77A17EE903A76
:109B2C00FB82144B1B78144A9B00134493ED007A70
:109B3C00F7EE046AC7EE267AFDEEE77A17EE903A56
:109B4C00BB8200237B824FF4FA733B820B4BD88A87
:109B5C007C8ABA8AF98A3B8A00932346FEF78AFAF2
:109B6C000346FB7300BF00BF1C37BD4690BD00BF52
:109B7C00A90C0020A80C0020140000201C0C0020B4
:109B8C0080B500AF084B93F88030012B0AD0064B00
:109B9C0093F88030002B05D0034BDB8A1846FFF777
:109BAC0099FF00BF00BF80BD1C0C002080B582B0A7
:109BBC0000AF78600021082000F078FE00BF083765
:109BCC00BD4680BD80B582B000AF7860012000F04A
:109BDC00D9FE00BF0837BD4680BD80B582B000AF4E
:109BEC007860012000F0EEFE00BF0837BD4680BD56
:109BFC0080B584B000AF78607B68FB60FB685B6805
:109C0C0008331846FEF7E6FC0346FB72FB7A002B82
:109C1C0003D0FB6801221A7003E0FB6800221A7063
:109C2C0000BF1037BD4680BD80B584B000AF034681
:109C3C00FB71FB79002B02D0012B06D00BE00F231C
:109C4C00FB60F86800F05EFE05E00F23FB60F8682F
:109C5C0000F078FE00BF00BF1037BD4680BD00008D
:109C6C0080B582B000AF78607B681B78032B2ADC50
:109C7C00022B1ADA002B02D0012B0FD023E0012289
:109C8C004FF400614FF09040F9F76CFD104B01223E
:109C9C001A700021022000F009FE15E00C4B002286
:109CAC001A700C4B00221A700EE07B685B68013353
:109CBC001B78012B03D1084B00221A6004E0064BE1
:109CCC0001221A6000E000BF00BF0837BD4680BD0E
:109CDC00330E0020340E00203000002080B483B0FE
:109CEC0000AF78607B681B78002B02D0012B02D070
:109CFC0002E000BF00E000BF00BF0C37BD465DF8BE
:109D0C00047B704780B500AF034A0021022000F0AD
:109D1C00ABFD00BF80BD00BFA1A0000880B584B022
:109D2C0000AF03460A46FB711346BB710023FB735D
:109D3C00FB7943F04003DBB2BB73002220214FF0D0
:109D4C009040F9F70FFD07F10E014FF480530122FB
:109D5C000D48FBF7F0FD07F10F014FF48053012282
:109D6C000948FBF7E8FDB91D4FF480530122064862
:109D7C00FBF7E1FD012220214FF09040F9F7F2FCB6
:109D8C0000BF1037BD4680BDAC0A002080B582B044
:109D9C0000AF0346FB71002220214FF09040F9F7F1
:109DAC00E1FCF91D4FF4805301220648FBF7C3FD7B
:109DBC00012220214FF09040F9F7D4FC00BF083766
:109DCC00BD4680BDAC0A002080B584B000AF034610
:109DDC000A46FB711346BB710023FB73FB7943F0FE
:109DEC004003DBB2BB73002204214FF09040F9F723
:109DFC00B9FC07F10E014FF4805301220D48FBF71B
:109E0C009AFD07F10F014FF4805301220948FBF72B
:109E1C0092FDB91D4FF4805301220648FBF78BFDD0
:109E2C00012204214FF09040F9F79CFC00BF103741
:109E3C00BD4680BDAC0A002080B582B000AF0346A1
:109E4C00FB71002204214FF09040F9F78BFCF91DB7
:109E5C004FF4805301220648FBF76DFD01220421CB
:109E6C004FF09040F9F77EFC00BF0837BD4680BD2F
:109E7C00AC0A002080B582B000AF78607B68E0212E
:109E8C00032098479620F6F712FE7B689621012056
:109E9C0098477B68D421022098477B68E0210320F7
:109EAC0098477B680021042098477B6800210D208F
:109EBC0098477B6800210E2098477B6800210F2073
:109ECC0098477B680021102098477B68002111205F
:109EDC0098477B688021142098477B6820211520A7
:109EEC0098477B680021172098477B680021052044
:109EFC0098477B680021062098477B680021072043
:109F0C0098477B680021082098477B68002109202E
:109F1C0098477B6800210A2098477B6800210B201A
:109F2C0098477B6800210C20984700BF0837BD4636
:109F3C0080BD000080B588B002AF78600B467B8096
:109F4C000023FB727B88002219467868F9F70AFC1B
:109F5C0000237B6149E000233B6113E007F10A0217
:109F6C0007F10B014FF48053009301232548FBF7B5
:109F7C0050FEB97A244A3B6913440A461A703B696D
:109F8C0001333B613B69022BE8DD7B69002B29D057
:109F9C000023FB6023E01D4B1B785A1CD1B21B4ADB
:109FAC0011701946184AFB6813441A78184B5A5406
:109FBC00164B1B78C02B0FD1144B00221A70154A6C
:109FCC00134B10461946C0231A4600F0B7FD114931
:109FDC004FF64260FEF712FAFB680133FB60FB6838
:109FEC00022BD8DD7B6901337B617B69082BB2DDE9
:109FFC007B88012219467868F9F7B4FB00BF183743
:10A00C00BD4680BDAC0A0020300E00202D0E002075
:10A01C00AC0C00206C0D002080B500AF10214FF06F
:10A02C009040F9F787FB0346012B02D1164B052212
:10A03C001A6010214FF09040F9F77CFB0346002B7F
:10A04C001FD108211148F9F775FB0346002B18D1D5
:10A05C000D4B1B68052B14D10B4B00221A602021D1
:10A06C004FF09040FFF766FF04214FF09040FFF750
:10A07C0061FF074B1B78DBB2002B02D0044B002294
:10A08C001A7000BF80BD00BF2C00002000040048E7
:10A09C002C0E002080B500AF2A4B1B78DBB2002BB6
:10A0AC0042D100224FF480514FF09040F9F75AFB07
:10A0BC00012220214FF09040F9F754FB012204219A
:10A0CC004FF09040F9F74EFB6420F6F7F0FC0620B9
:10A0DC00FFF75CFE0120F6F7EAFC1120FFF756FEB5
:10A0EC001948FFF7C7FE0620FFF7A6FE0120F6F77A
:10A0FC00DEFC1120FFF7A0FE1448FFF7BBFE082082
:10A10C00FFF744FE0820FFF797FE1020FFF73EFEF6
:10A11C001020FFF791FE0E4B00221A700D4B0022FF
:10A12C001A70084B01221A70FFF776FF0A4B1B7846
:10A13C00DBB2002B03D00021022000F0B7FB00BFE4
:10A14C0080BD00BF340E0020299D0008D59D00085D
:10A15C002D0E00202C0E0020330E002080B400AFFA
:10A16C00054BDB68044A43F40043D36000BFBD4693
:10A17C005DF8047B704700BF0004005880B483B0C6
:10A18C0000AF7860064BD3F8D42005497B681343A5
:10A19C00C1F8D43000BF0C37BD465DF8047B704766
:10A1AC000008005880B483B000AF7860054B1A6A81
:10A1BC0004497B6813430B6200BF0C37BD465DF846
:10A1CC00047B70470008005880B485B000AF7860FD
:10A1DC004FF0B0431A6D4FF0B0417B6813430B65E1
:10A1EC004FF0B0431A6D7B681340FB60FB6800BFF7
:10A1FC001437BD465DF8047B704780B485B000AF62
:10A20C0078604FF0B043D3F850214FF0B0417B68E9
:10A21C001343C1F850314FF0B043D3F850217B6851
:10A22C001340FB60FB6800BF1437BD465DF8047B30
:10A23C00704780B483B000AF78607B681B6843F4D0
:10A24C0080327B681A6000BF0C37BD465DF8047B1A
:10A25C00704780B483B000AF78607B681B6843F0B4
:10A26C0001027B681A6000BF0C37BD465DF8047BA9
:10A27C00704780B483B000AF786039607B685A68EF
:10A28C003B681B04DB431A407B685A6000BF0C37E9
:10A29C00BD465DF8047B704780B483B000AF786036
:10A2AC0039607B685A683B681B041A437B685A60A8
:10A2BC0000BF0C37BD465DF8047B704780B483B09B
:10A2CC0000AF786039607B685A683B68DB431A40A2
:10A2DC007B685A6000BF0C37BD465DF8047B704745
:10A2EC0080B483B000AF786039607B683A689A605C
:10A2FC0000BF0C37BD465DF8047B704780B483B05B
:10A30C0000AF786039603B681A047B689A6000BFC4
:10A31C000C37BD465DF8047B704780B483B000AF4A
:10A32C00786039607B68DA683B6813403A689A4217
:10A33C0001D1012300E0002318460C37BD465DF81F
:10A34C00047B704780B483B000AF786039607B6861
:10A35C00DA693B6813403A689A4201D1012300E064
:10A36C00002318460C37BD465DF8047B704700008F
:10A37C0080B500AF02211848FFF7E4FF0346002B1D
:10A38C0008D0154B5B6803F00203002B02D100F0E0
:10A39C00D5F81EE001211048FFF7D4FF0346002B2F
:10A3AC0008D00D4B5B6803F00103002B02D100F0C9
:10A3BC0089F80EE008210848FFF7C4FF0346002B7C
:10A3CC0008D0054B5B6803F00803002B02D100F0AA
:10A3DC0001F900BF00BF80BD000C005880B500AF74
:10A3EC0002211848FFF799FF0346002B08D1154BA3
:10A3FC005B6803F40033002B02D100F093F81EE0ED
:10A40C0008211048FFF789FF0346002B08D10D4B9C
:10A41C005B6803F40023002B02D100F0BDF80EE0C2
:10A42C0020210848FFF779FF0346002B08D1054B84
:10A43C005B6803F40013002B02D100F04FF800BF4F
:10A44C0000BF80BD000C005880B500AF4FF48010E9
:10A45C00FFF7D3FE4FF40070FFF7A4FE4FF400702B
:10A46C00FFF78CFE40BF20BFFFF778FE00BF80BD1A
:10A47C0080B500AF4FF48010FFF7A6FE0648FFF73B
:10A48C00E8FE0548FFF7D5FE2C20F8F79EFF2D209F
:10A49C00F8F79BFF00BF80BD000C005880B500AFE3
:10A4AC0001210248FFF70AFF00BF80BD000C0058D5
:10A4BC0080B500AF01210248FFF720FF00BF80BD2F
:10A4CC00000C005880B500AFFEF724FD01210248B6
:10A4DC00FFF706FF00BF80BD000C005880B500AF31
:10A4EC0020210348FFF7D8FEFEF744FD00BF80BDD6
:10A4FC00000C005880B500AF02210248FFF7DEFEC9
:10A50C0000BF80BD000C005880B500AF022104488C
:10A51C00FFF7F4FE02210248FFF7ABFE00BF80BD3F
:10A52C00000C005880B500AF02210348FFF7B4FEC1
:10A53C00FEF770FD00BF80BD000C005880B500AF69
:10A54C00FEF77EFD02210248FFF7CAFE00BF80BD68
:10A55C00000C005880B582B000AF786008210C4820
:10A56C00FFF7DBFE0346002B07D00A4A7B6813601B
:10A57C0008210748FFF77DFE06E07B689847082115
:10A58C000348FFF7BBFE00BF0837BD4680BD00BFC8
:10A59C00000C0058380E002080B500AF082106488A
:10A5AC00FFF77AFE054B1B68984708210248FFF716
:10A5BC00A5FE00BF80BD00BF000C0058380E002067
:10A5CC0080B500AF08210248FFF778FE00BF80BDC0
:10A5DC00000C005880B500AFFEF7DAFD08210248E8
:10A5EC00FFF77EFE00BF80BD000C005880B400AFAA
:10A5FC00054B00221A60054B00221A6000BFBD46B5
:10A60C005DF8047B704700BF3C0E0020400E00201C
:10A61C0080B487B000AF78600B46FB70EFF310830B
:10A62C003B613B697B6172B600BFFB78002B08D0A5
:10A63C00012B0ED10D4B1A687B6813430B4A136028
:10A64C0008E07B68DA43094B1B681340074A136028
:10A65C0000E000BF7B69FB60FB6883F3108800BFE0
:10A66C0000BF1C37BD465DF8047B7047400E0020D0
:10A67C0080B590B000AF7860734B1B68BB62724BB7
:10A68C001A687B681340704A1360704B1B68BB637D
:10A69C006F4B1B687B636F4B1B683B636E4B1B687C
:10A6AC00FB628DE00023FB6302E0FB6B0133FB6379
:10A6BC006A4AFB6B52F833203B6B1A40624B1B68A7
:10A6CC001340002BF1D0654AFB6B52F833203B6BE7
:10A6DC001A405D4B1B6813407B62604AFB6BDB00CE
:10A6EC0013445A687B6A1340002B06D15B4AFB6B00
:10A6FC00DB0013444FF0FF325A60584AFB6BDB000F
:10A70C0013445A687B6A1340184600F0B3F90346A9
:10A71C001A46534B1A60514AFB6BDB0013445A68C0
:10A72C004F4B1B68012101FA03F3DB431A404B49E1
:10A73C00FB6BDB000B445A60EFF31083BB61BB690E
:10A74C003B6272B600BF464B1B68012202FA03F350
:10A75C00DA433E4B1B6813403C4A13600223FB63F5
:10A76C0013E0FB6B013B3D4A52F833103C4B1B682A
:10A77C00012202FA03F3DA43FB6B013B0A4037492F
:10A78C0041F83320FB6B013BFB63FB6B002BE8D1E7
:10A79C003B6A7B617B6983F3108800BF304B1B687D
:10A7AC00304A52F823309847284B1B68BB63284B20
:10A7BC001B687B63274B1B683B63274B1B68FB6247
:10A7CC00BA6B3B6B1A40204B1B681340002B05D017
:10A7DC007A6BFB6A1340002B3FF464AF204B4FF0B5
:10A7EC00FF321A6000F038F9EFF310833B613B69DC
:10A7FC00FB6172B600BF154B1B68BB63144B1B6827
:10A80C007B63144B1B683B63BA6B3B6B1A400E4B60
:10A81C001B681340002B07D10F4B1A687B6B13403E
:10A82C00002B01D1F6F768F9FB69FB60FB6883F339
:10A83C00108800BF00F017F9034ABB6A136000BF11
:10A84C004037BD4680BD00BF38000020440E0020BC
:10A85C00480E0020340000204C0E0020D40E0020A6
:10A86C00500E0020540E002080B588B000AFF86068
:10A87C00B9607A60EFF310837B617B69FB6172B620
:10A88C0000BFF86800F0F6F803461946064A7B68E4
:10A89C0042F82130FB69BB61BB6983F3108800BFB0
:10A8AC0000BF2037BD4680BD540E002080B487B059
:10A8BC0000AF78603960EFF31083FB60FB687B615D
:10A8CC0072B600BF0D4B1A687B6813430B4A1360BA
:10A8DC000B4A3B6852F833207B681A4308493B68A3
:10A8EC0041F833207B693B613B6983F3108800BFDF
:10A8FC0000BF1C37BD465DF8047B7047440E00203A
:10A90C00D40E002080B487B000AF7860EFF31083D2
:10A91C00FB60FB687B6172B600BF7B68DA43084B57
:10A92C001B681340064A13607B693B613B6983F3E8
:10A93C00108800BF00BF1C37BD465DF8047B704714
:10A94C003400002080B487B000AF7860EFF3108340
:10A95C00FB60FB687B6172B600BF094B1A687B68B1
:10A96C001343074A13607B693B613B6983F310888F
:10A97C0000BF00BF1C37BD465DF8047B704700BFAD
:10A98C003400002080B487B000AF7860EFF3108300
:10A99C00FB60FB687B6172B600BF094B1A687B6871
:10A9AC001343074A13607B693B613B6983F310884F
:10A9BC0000BF00BF1C37BD465DF8047B704700BF6D
:10A9CC00480E002080B588B000AF78601F4B1B6824
:10A9DC00BB611E4B1B68B3F1FF3F02D10023FB612F
:10A9EC0005E01A4B1B68012202FA03F3FB61184BBA
:10A9FC001B687B61164A7B68136003E07968F86911
:10AA0C00F6F781F8134B1A687B681340002BF5D0CE
:10AA1C000E4ABB691360EFF31083BB60BB683B61EC
:10AA2C0072B600BF7B68DA430A4B1B681340094AB5
:10AA3C0013603B69FB60FB6883F3108800BF044A1A
:10AA4C007B69136000BF2037BD4680BD500E0020CF
:10AA5C004C0E0020480E002080B400AF00BFBD4655
:10AA6C005DF8047B704780B400AF00BFBD465DF855
:10AA7C00047B704780B485B000AF78600023FB7313
:10AA8C007B68BB60BB68B3F5803F04D21023FB73BB
:10AA9C00BB681B04BB60BB68B3F1807F05D2FB7B3A
:10AAAC000833FB73BB681B02BB60BB68B3F1805FF0
:10AABC0005D2FB7B0433FB73BB681B01BB60BB681B
:10AACC001B0F074AD25CFB7B1344FB73FB7BC3F16C
:10AADC001F03DBB218461437BD465DF8047B704784
:10AAEC0038AE000802440346934200D1704703F885
:10AAFC00011BF9E770B50D4D0D4C641BA41000261D
:10AB0C00A64209D10B4D0C4C00F026F8641BA41086
:10AB1C000026A64205D170BD55F8043B9847013676
:10AB2C00EEE755F8043B98470136F2E750AE0008C3
:10AB3C0050AE000850AE000854AE00080A449142D2
:10AB4C0000F1FF3300D1704710B511F8014B03F839
:10AB5C00014F9142F9D110BDF8B500BFF8BC08BC4B
:10AB6C009E467047F8B500BFF8BC08BC9E467047BF
:10AB7C000000000000000000000000000CAC000809
:10AB8C003C000020400000202604040012000000BD
:10AB9C002400000036000000400000000600000009
:10ABAC000C0000001000000000000000010000007C
:10ABBC000200000003000000000000000000000084
:10ABCC00000000000000000000000000440008002D
:10ABDC00400502011833C800F4010004FFFFFFFF19
:10ABEC004801010000200000000372060000000074
:10ABFC000C00000049524F4E4243495F3136000071
:10AC0C0000000048010000000000004801000000A6
:10AC1C000000004801000000000000480100000096
:10AC2C000000004801000000000000480100000086
:10AC3C000000004801000000000000480100000076
:10AC4C000000004801000000000000480100000066
:10AC5C000000004801000000000000480100000056
:10AC6C000000004801000000000000480100000046
:10AC7C000000004801000000000000480100000036
:10AC8C000000004801000000000000480100000026
:10AC9C000000004801000000000000480100000016
:10ACAC000000004801000000000000480100000006
:10ACBC0000000048010000000000004801000000F6
:10ACCC0000000048010000000000004801000000E6
:10ACDC0000000048010000000000004801000000D6
:10ACEC0000000048010000000000004801000000C6
:10ACFC0000000048010000000000004801000000B6
:10AD0C0000000048010000000000004801000000A5
:10AD1C000000004801000000000000480100000095
:10AD2C000000004801000000000000480100000085
:10AD3C0001000000030000000500000001000000FD
:10AD4C0001000000060000000A00000020000000C6
:10AD5C0002000000040000000800000010000000C9
:10AD6C004000000080000000000100000002000014
:10AD7C0000000000000000000000000000000000C7
:10AD8C0001000000020000000300000004000000AD
:10AD9C00A0860100400D0300801A060000350C004F
:10ADAC0040420F0080841E0000093D0000127A0012
:10ADBC000024F40000366E010048E801006CDC024F
:10ADCC000000000000000000000000000000000077
:10ADDC00010002000400060008000A000C0010002C
:10ADEC002000400080000001010101030701000068
:10ADFC00080402040801010100000000000000002A
:10AE0C00123456789ABCDEF0123456789ABCDEF0C6
:10AE1C00FEDCBA0987654321FEDCBA09876543214C
:10AE2C000949524F4E4243495F3136000403020236
:0CAE3C0001010101000000000000000006
:08AE48003453FF7F01000000FC
:04AE50006101000894
:04AE54003D010008B4
:10AE580000093D0010000000010000000000484209
:10AE680000007A440DFF018300000000000000008C
:10AE780000000000080000000B000000FFFFFFFFBB
:04AE8800FFFFFFFFCA
:10AE8C0000000000000000000000000000000000B6
:10AE9C0000000000000000000000000000000000A6
:10AEAC000000000000000000000000000000000096
:10AEBC000000000000000000000000000000000086
:10AECC000000000000000000000000000000000076
:10AEDC000000000000000000000000000000000066
:10AEEC000000000000000000000000000000000056
:10AEFC000000000000000000000000000000000046
:10AF0C000000000000000000000000000000000035
:10AF1C000000000000000000000000000000000025
:10AF2C000000000000000000000000000000000015
:10AF3C000000000000000000000000000000000005
:10AF4C0000000000000000000000000000000000F5
:10AF5C0000000000000000000000000000000000E5
:10AF6C0000000000000000000000000000000000D5
:10AF7C0000000000000000000000000000000000C5
:10AF8C0000000000000000000000000000000000B5
:10AF9C0000000000000000000000000000000000A5
:10AFAC000000000000000000000000000000000095
:10AFBC000000000000000000000000000000000085
:10AFCC000000000000000000000000000000000075
:10AFDC000000000000000000000000000000000065
:10AFEC000000000000000000000000000000000055
:10AFFC000000000000000000000000000000000045
:10B00C000000000000000000000000000000000034
:10B01C000000000000000000000000000000000024
:10B02C000000000000000000000000000000000014
:10B03C000000000000000000000000000000000004
:10B04C0000000000000000000000000000000000F4
:10B05C0000000000000000000000000000000000E4
:10B06C0000000000000000000000000000000000D4
:10B07C0000000000000000000000000000000000C4
:10B08C0000000000000000000000000000000000B4
:10B09C0000000000000000000000000000000000A4
:10B0AC000000000000000000000000000000000094
:10B0BC000000000000000000000000000000000084
:10B0CC000000000000000000000000000000000074
:10B0DC000000000000000000000000000000000064
:10B0EC000000000000000000000000000000000054
:10B0FC000000000000000000000000000000000044
:10B10C000000000000000000000000000000000033
:10B11C000000000000000000000000000000000023
:10B12C000000000000000000000000000000000013
:10B13C000000000000000000000000000000000003
:10B14C0000000000000000000000000000000000F3
:10B15C0000000000000000000000000000000000E3
:10B16C0000000000000000000000000000000000D3
:10B17C0000000000000000000000000000000000C3
:10B18C0000000000000000000000000000000000B3
:10B19C0000000000000000000000000000000000A3
:10B1AC000000000000000000000000000000000093
:10B1BC000000000000000000000000000000000083
:10B1CC000000000000000000000000000000000073
:10B1DC000000000000000000000000000000000063
:10B1EC000000000000000000000000000000000053
:10B1FC000000000000000000000000000000000043
:10B20C000000000000000000000000000000000032
:10B21C000000000000000000000000000000000022
:10B22C000000000000000000000000000000000012
:10B23C000000000000000000000000000000000002
:10B24C0000000000000000000000000000000000F2
:10B25C0000000000000000000000000000000000E2
:10B26C0000000000000000000000000000000000D2
:10B27C0000000000000000000000000000000000C2
:10B28C0000000000000000000000000000000000B2
:10B29C0000000000000000000000000000000000A2
:10B2AC000000000000000000000000000000000092
:10B2BC000000000000000000000000000000000082
:10B2CC000000000000000000000000000000000072
:10B2DC000000000000000000000000000000000062
:10B2EC000000000000000000000000000000000052
:10B2FC000000000000000000000000000000000042
:10B30C000000000000000000000000000000000031
:10B31C000000000000000000000000000000000021
:10B32C000000000000000000000000000000000011
:10B33C000000000000000000000000000000000001
:10B34C0000000000000000000000000000000000F1
:10B35C0000000000000000000000000000000000E1
:10B36C0000000000000000000000000000000000D1
:10B37C0000000000000000000000000000000000C1
:10B38C0000000000000000000000000000000000B1
:10B39C0000000000000000000000000000000000A1
:10B3AC000000000000000000000000000000000091
:10B3BC000000000000000000000000000000000081
:10B3CC000000000000000000000000000000000071
:10B3DC000000000000000000000000000000000061
:10B3EC000000000000000000000000000000000051
:10B3FC000000000000000000000000000000000041
:10B40C000000000000000000000000000000000030
:10B41C000000000000000000000000000000000020
:10B42C000000000000000000000000000000000010
:10B43C000000000000000000000000000000000000
:10B44C0000000000000000000000000000000000F0
:10B45C0000000000000000000000000000000000E0
:10B46C0000000000000000000000000000000000D0
:10B47C0000000000000000000000000000000000C0
:10B48C0000000000000000000000000000000000B0
:10B49C0000000000000000000000000000000000A0
:10B4AC000000000000000000000000000000000090
:10B4BC000000000000000000000000000000000080
:10B4CC000000000000000000000000000000000070
:10B4DC000000000000000000000000000000000060
:10B4EC000000000000000000000000000000000050
:10B4FC000000000000000000000000000000000040
:10B50C00000000000000000000000000000000002F
:10B51C00000000000000000000000000000000001F
:10B52C00000000000000000000000000000000000F
:10B53C0000000000000000000000000000000000FF
:10B54C0000000000000000000000000000000000EF
:10B55C0000000000000000000000000000000000DF
:10B56C0000000000000000000000000000000000CF
:10B57C0000000000000000000000000000000000BF
:10B58C0000000000000000000000000000000000AF
:10B59C00000000000000000000000000000000009F
:10B5AC00000000000000000000000000000000008F
:10B5BC00000000000000000000000000000000007F
:10B5CC00000000000000000000000000000000006F
:10B5DC00000000000000000000000000000000005F
:10B5EC00000000000000000000000000000000004F
:10B5FC00000000000000000000000000000000003F
:10B60C00000000000000000000000000000000002E
:10B61C00000000000000000000000000000000001E
:10B62C00000000000000000000000000000000000E
:10B63C0000000000000000000000000000000000FE
:10B64C0000000000000000000000000000000000EE
:10B65C0000000000000000000000000000000000DE
:10B66C0000000000000000000000000000000000CE
:10B67C0000000000000000000000000000000000BE
:10B68C0000000000000000000000000000000000AE
:10B69C00000000000000000000000000000000009E
:10B6AC00000000000000000000000000000000008E
:10B6BC00000000000000000000000000000000007E
:10B6CC00000000000000000000000000000000006E
:10B6DC00000000000000000000000000000000005E
:10B6EC00000000000000000000000000000000004E
:10B6FC00000000000000000000000000000000003E
:03B70C000000003A
:10B70F00000000000000000000000000000000002A
:10B71F00000000000000000000000000000000001A
:10B72F00000000000000000000000000000000000A
:0DB73F0000000000000000000000000000FD
:10B74C0000000000000000000000000000000000ED
:01B75C0000EC
:04000005080022715C
:00000001FF
