:020000040800F2
:10000000000003200D22000865220008DD20000802
:10001000E5200008ED200008F520000800000000A1
:10002000000000000000000000000000FD200008AB
:100030000B210008000000001921000827210008FA
:10004000652200086522000865220008B920000822
:100050006522000865220008652200086522000864
:100060006522000865220008652200086522000854
:100070006522000865220008652200086522000844
:100080006522000865220008652200086522000834
:100090006522000865220008652200086522000824
:1000A0006522000865220008652200086522000814
:1000B0006522000865220008652200086522000804
:1000C00065220008652200086522000865220008F4
:1000D00065220008652200086522000865220008E4
:1000E0003321000865220008652200086522000807
:1000F000C5200008D120000843210008652200081F
:1001000065220008652200086522000865220008B3
:1001100065220008652200086522000865220008A3
:100120006522000865220008652200086522000893
:0C01300065220008652200086522000816
:10013C0010B5054C237833B9044B13B10448AFF315
:10014C0000800123237010BD08090020000000006E
:10015C0014A8000808B5034B1BB103490348AFF3BF
:10016C00008008BD000000000C09002014A8000845
:10017C00034613F8012B002AFBD1181A01387047DB
:10018C0053B94AB9002908BF00281CBF4FF0FF31F2
:10019C004FF0FF3000F06AB9ADF1080C6DE904CEF8
:1001AC0000F006F8DDF804E0DDE9022304B0704746
:1001BC002DE9F047089D0C46002B4ED194468C45FA
:1001CC008646B2FA82F262D94AB1C2F1200391405A
:1001DC0020FA03F30CFA02FC194300FA02FE4FEA70
:1001EC001C471FFA8CF6B1FBF7F44FEA1E4307FBD2
:1001FC00141143EA014304FB06F199420AD91CEBA2
:10020C00030304F1FF3080F01281994240F20F8118
:10021C00023C6344591A1FFA8EF3B1FBF7F007FB4B
:10022C00101143EA014300FB06F69E420AD91CEB6F
:10023C00030300F1FF3180F0FC809E4240F2F98014
:10024C00634402389B1B40EA044000211DB1D3409B
:10025C000022C5E90032BDE8F0878B4205D90DB10B
:10026C00C5E9000100210846F5E7B3FA83F100293E
:10027C0046D1A34202D39042C0F0F080861A64EBC0
:10028C0003030120002DE6D0C5E90063E3E7002A53
:10029C0040F09080A1EB0C044FEA1C481FFA8CF73D
:1002AC000121B4FBF8F64FEA1E4308FB164443EA5F
:1002BC00044307FB06F0984208D91CEB030306F134
:1002CC00FF3402D2984200F2CD8026461C1A1FFA47
:1002DC008EF3B4FBF8F008FB104443EA044300FB34
:1002EC0007F79F4208D91CEB030300F1FF3402D23D
:1002FC009F4200F2B0802046DB1B40EA0640A5E797
:10030C00C1F120068B4022FA06F71F4320FA06FCA7
:10031C0004FA01F343EA0C03F44000FA01F8380C38
:10032C004FEA1349B4FBF0FE1FFA87FC00FB1E4496
:10033C0049EA04440EFB0CF9A14502FA01F20AD970
:10034C003C190EF1FF3A80F08480A14540F2818087
:10035C00AEF1020E3C44A4EB09041FFA83F9B4FB82
:10036C00F0F300FB134449EA044403FB0CFCA445E2
:10037C0007D93C1903F1FF3067D2A44565D9023B7C
:10038C003C4443EA0E40A0FB0293A4EB0C049C42B9
:10039C00CE469C4651D34ED055B1B8EB0E0364EB10
:1003AC000C0404FA06F6CB401E43CC40C5E90064AD
:1003BC00002150E7C2F1200320FA03F10CFA02FCF1
:1003CC0024FA03F394400C434FEA1C4800FA02FE53
:1003DC001FFA8CF7B3FBF8F008FB1031230C43EA3F
:1003EC00014300FB07F1994208D91CEB030300F110
:1003FC00FF362CD299422AD9023863445B1AA4B234
:10040C00B3FBF8F108FB113344EA034401FB07F397
:10041C00A34208D91CEB040401F1FF3613D2A3420A
:10042C0011D902396444E41A41EA004139E704461F
:10043C00F0E6084606E7C845AED2B9EB020E63EB10
:10044C00070C0138A8E73146EDE7034699E730463B
:10045C00D4E7D6467FE7634402384DE70646234689
:10046C0008460FE7023E634430E700BF704700BF09
:10047C00B0B588B000AF0B4B3C1D1D460FCD0FC463
:10048C0095E8070003C422800234130C237008F093
:10049C0017FD3B1D184607F0B2FF00BF2037BD46C5
:1004AC00B0BD00BF2CA8000880B483B000AF78604A
:1004BC00074BD3F8803023F0070205497B681343C0
:1004CC00C1F8803000BF0C37BD465DF8047B704727
:1004DC000004005880B483B000AF7860064BD3F8AA
:1004EC00902005497B681343C1F8903000BF0C374E
:1004FC00BD465DF8047B70470008005880B483B09B
:10050C0000AF78604FF0B0430A4AC3F89C204FF01C
:10051C00B043D3F89C3023F47C527B681B024FF021
:10052C00B0411343C1F89C3000BF0C37BD465DF899
:10053C00047B7047FECAFECA80B483B000AF7860FB
:10054C004FF0B0439B6823F400424FF0B0417B68FE
:10055C0013438B6000BF0C37BD465DF8047B7047BE
:10056C0080B400AF4FF0B043D3F890304FF0B042AE
:10057C0043F48033C2F8903000BFBD465DF8047B75
:10058C00704780B400AF4FF0B043D3F890304FF0C9
:10059C00B04223F48033C2F8903000BFBD465DF802
:1005AC00047B704780B400AF4FF0B043D3F8943065
:1005BC0003F08063B3F1806F01D1012300E00023CD
:1005CC001846BD465DF8047B704780B400AF4FF011
:1005DC00B043D3F8943003F08053B3F1805F01D172
:1005EC00012300E000231846BD465DF8047B7047EC
:1005FC0080B485B000AF78604FF0B0431A6D4FF007
:10060C00B0417B6813430B654FF0B0431A6D7B68A8
:10061C001340FB60FB6800BF1437BD465DF8047BDC
:10062C007047000080B400AF044B1B68C3F30B038E
:10063C001846BD465DF8047B704700BF002004E0FF
:10064C0080B400AF044B1B681B0C9BB21846BD4614
:10065C005DF8047B704700BF002004E080B483B0D9
:10066C0000AF786039607B685A683B681B041A439A
:10067C007B685A6000BF0C37BD465DF8047B704741
:10068C0080B483B000AF786039607B685A683B688F
:10069C001A437B685A6000BF0C37BD465DF8047B7B
:1006AC00704780B483B000AF786039607B685A695A
:1006BC003B681B041A437B685A6100BF0C37BD466C
:1006CC005DF8047B704780B483B000AF786039600C
:1006DC007B685A693B681A437B685A6100BF0C37C8
:1006EC00BD465DF8047B704780B483B000AF786082
:1006FC0039607B683A689A6000BF0C37BD465DF87C
:10070C00047B704780B483B000AF786039607B683D
:10071C003A689A6100BF0C37BD465DF8047B7047A0
:10072C0080B483B000AF78607B68FF225A6200BF50
:10073C000C37BD465DF8047B704780B483B000AFC6
:10074C0078607B68CA225A627B6853225A6200BF67
:10075C000C37BD465DF8047B704780B483B000AFA6
:10076C00786039607B689B6823F007023B681A430A
:10077C007B689A6000BF0C37BD465DF8047B704700
:10078C0080B500AF044B4FF400421A6100F037F80B
:10079C0000F076F800BF80BD0040005880B500AF77
:1007AC0000F082F800F09AF80349002000F0BAFD3E
:1007BC0000F0A2F800BF80BD7C0A002080B400AF1E
:1007CC0000BFBD465DF8047B704780B500AF50207C
:1007DC00FFF780FE00BF80BD80B582B000AF03463E
:1007EC00FB80FB88B3F5805F04D10021022009F067
:1007FC00B5FE00E000BF00BF0837BD4680BD80B528
:10080C0000AF00F004F800F019F800BF80BD80B50F
:10081C0000AFFFF7C7FE0346002B0DD0FFF7D5FE48
:10082C000346002B08D103F0D9F803F0D7F8FFF7F3
:10083C0097FEFFF7A6FE00BF00BF80BD80B500AFDE
:10084C004FF48010FFF7D4FE3F210C48FFF74CFF0C
:10085C003F210A48FFF756FF3F210848FFF7FEFEED
:10086C003F210648FFF71DFF3F210448FFF708FF13
:10087C003F210248FFF727FF00BF80BD000C005846
:10088C0080B582B000AF002008F0A6FB78607B68D2
:10089C00002B05D07B689B791846FFF72FFE00BF15
:1008AC0000BF0837BD4680BD80B500AFFFF786FF9F
:1008BC00FFF78BFF00F002F800BF80BD80B500AFE2
:1008CC000548FFF73AFF00210348FFF746FF0248AF
:1008DC00FFF726FF00BF80BD0028004080B500AFA9
:1008EC004FF40040FFF728FE09F0D8FC0420FFF776
:1008FC00DBFD00BF80BD000080B588B000AF08F004
:10090C0029F9114A0021082009F006FE0F4B3B6023
:10091C000F4B7B603B4619460E4807F0E1FF0E4B30
:10092C00BB600E4BFB600E4B3B6140F23C537B615A
:10093C0007F10803184608F04FFA08F005F900BF54
:10094C002037BD4680BD00BF2589000880050020EA
:10095C007109000889090008980700208C060020FE
:10096C004400002080B483B000AF0346FB7100BF8D
:10097C000C37BD465DF8047B7047000080B588B02D
:10098C0000AF78607B685B680B33FB61FB691B888D
:10099C009BB2A3F51243072B1FD801A252F823F0E8
:1009AC00CD090008DF090008E7090008E70900087D
:1009BC00E7090008E7090008E7090008E70900084B
:1009CC0007F10C03184607F047FD786800F01BF898
:1009DC0004E0786800F006F800E000BF00BF2037A4
:1009EC00BD4680BD80B485B000AF78607B685B6825
:1009FC000B33FB60FB680233BB6000BF1437BD4692
:100A0C005DF8047B704780B58AB000AF786007F161
:100A1C00080300221A605A609A60DA6000237B6235
:100A2C0000233B627B685B680B33FB61FB69023321
:100A3C00BB61BB691B78002B1DD1FFF719FD0F2380
:100A4C003B727F23BB72FFF7FBFD78627B6A9BB224
:100A5C00BB82FFF7E7FD38623B6A9BB2FB8207F172
:100A6C000803184607F0E2FC08F0C0FB0021012047
:100A7C0009F026FC07E0BB691B78012B03D17B68CE
:100A8C0000221A7000BF00BF2837BD4680BD80B45D
:100A9C0000AF00BFBD465DF8047B704780B582B0E7
:100AAC0000AF786039604FF0FF3009F039FC00BFBF
:100ABC000837BD4680BD80B582B000AF786000219C
:100ACC00082009F04BFD00BF0837BD4680BD80B53E
:100ADC0082B000AF7860022009F0ACFD00BF08378F
:100AEC00BD4680BD80B582B000AF7860022009F0B1
:100AFC00C1FD00BF0837BD4680BD000080B483B087
:100B0C0000AF7860064BD3F8802005497B6813430F
:100B1C00C1F8803000BF0C37BD465DF8047B7047D0
:100B2C000008005880B483B000AF7860054B1A6899
:100B3C0004497B6813430B6000BF0C37BD465DF85E
:100B4C00047B70470008005880B483B000AF0D4B95
:100B5C009B6A9BB27B600B4B9B6A9BB23B6005E034
:100B6C003B687B60074B9B6A9BB23B607A683B6837
:100B7C009A42F5D13B6818460C37BD465DF8047BAC
:100B8C00704700BF0028004080B485B000AF03461A
:100B9C000A46FB711346BB71BA791D4913465B00BB
:100BAC001344DB000B4415331B78FB73FB7B062BC8
:100BBC0009D0FA7B164913465B001344DB000B4447
:100BCC001433FA791A70FA79114913465B001344FD
:100BDC00DB000B441533FA7B1A70FA790C49134677
:100BEC005B001344DB000B441433BA791A70BA79E6
:100BFC00074913465B001344DB000B441533FA79A9
:100C0C001A7000BF1437BD465DF8047B704700BFF7
:100C1C002409002080B485B000AF03460A46FB715E
:100C2C001346BB71294B1B78DBB2BA799A4232D08E
:100C3C00BA79274913465B001344DB000B44143389
:100C4C001B78FB73FA7B224913465B001344DB00D1
:100C5C000B441533FA791A70FA791D4913465B0067
:100C6C001344DB000B441533BA791A70FA7918491E
:100C7C0013465B001344DB000B441433FA7B1A70ED
:100C8C00BA79134913465B001344DB000B4414334D
:100C9C00FA791A7014E0FA790D4913465B00134483
:100CAC00DB000B441533BA791A70BA79084913462C
:100CBC005B001344DB000B441433FA791A7000BF49
:100CCC001437BD465DF8047B704700BFB4090020A3
:100CDC002409002080B584B000AF0346FB714E4B55
:100CEC001B78DBB2062B18D14B4B1B78DAB24B4B73
:100CFC001A70494AFB791370FA79494913465B001B
:100D0C001344DB000B44153306221A70454B4FF08D
:100D1C00FF321A600023FB8178E000F009F90346EA
:100D2C00FB81FA793E4913465B001344DB000B440C
:100D3C0008331968FB89FA791944394813465B0062
:100D4C001344DB00034408331960FA793449134621
:100D5C005B001344DB000B4408331B68BB602E4B59
:100D6C001B78DBB219462E4A0B465B000B44DB00AA
:100D7C00134408331B68BA689A4237D3264B1B7846
:100D8C007B737A7B264913465B001344DB000B44D0
:100D9C0015331B783B7313E07A7B214913465B00B8
:100DAC001344DB000B4415331B787B737A7B1C4993
:100DBC0013465B001344DB000B4415331B783B7369
:100DCC003B7B062B0BD03A7B154913465B00134437
:100DDC00DB000B4408331B68BA689A42DCD27A7B7E
:100DEC00FB7911461846FFF7CFFE0FE00A4B1B7834
:100DFC00DAB2FB7911461846FFF70CFF064B1B784D
:100E0C00DAB2064B1A70044AFB791370FB89184648
:100E1C001037BD4680BD00BFB4090020B5090020C5
:100E2C0024090020B809002080B485B000AF034627
:100E3C000A46FB711346BB71394B1B78DBB2FA794E
:100E4C009A4211D1364B1B78DAB2364B1A70FA79BA
:100E5C00354913465B001344DB000B4415331B78F8
:100E6C00DAB22F4B1A703EE0FA792F4913465B0029
:100E7C001344DB000B4414331B78FB73FA792A49B7
:100E8C0013465B001344DB000B4415331B78BB7318
:100E9C00F979FA7B24480B465B000B44DB000344D6
:100EAC0015331B78D8B2204913465B001344DB0082
:100EBC000B44153302461A70BB7B062B13D0F97901
:100ECC00BA7B19480B465B000B44DB00034414331C
:100EDC001B78D8B2144913465B001344DB000B4457
:100EEC00143302461A70FA790F4913465B00134407
:100EFC00DB000B440C3301221A70094B1B78DBB25C
:100F0C00062B07D1BB79002B04D1084B4FF0FF32D5
:100F1C001A6000BF00BF1437BD465DF8047B7047F4
:100F2C00B4090020B509002024090020B8090020CC
:100F3C0080B582B000AF1A4B1B68B3F1FF3F26D0CF
:100F4C00FFF702FE7860164B1B687A689A4205D848
:100F5C00134B1A687B68D31A7B600AE0114B1B8811
:100F6C001A467B68D31A3B600D4B1B683A681344D6
:100F7C007B600D4B1B781A467B6802FB03F37B608E
:100F8C000A4B1B781A467B68D3407B6001E0002338
:100F9C007B607B689BB218460837BD4680BD00BF9E
:100FAC00B8090020C0090020BE090020BD0900209E
:100FBC0080B582B000AF0346FB80FB88002B08D1C4
:100FCC00FFF7C2FD0346214A1360032002F0E7F944
:100FDC0039E0FB88012B03D81D4B1B78012B02D069
:100FEC00FB88013BFB8000BF1A4B1B68DB6803F0DE
:100FFC000403002BF8D0174B1B68DB68DAB2154BD7
:10100C001B6862F49062DA60134B4FF40022DA60D2
:10101C00032002F0D2F9114B5B691B0C1B04FA88FC
:10102C000E4913434B61FFF78FFD0346074A1360CC
:10103C00084B1B689A68074B1B6842F480629A60E5
:10104C00AFF3008000BF0837BD4680BDB809002053
:10105C00BD0900207C0A0020000800580028004030
:10106C0080B584B000AF454B9B6803F48063B3F547
:10107C00806F07D100BF424B1B68DB6803F0040391
:10108C00002BF8D13E4B1B689A683D4B1B6822F431
:10109C0080629A603B4B1B78FB73FA7B3A49134690
:1010AC005B001344DB000B4408331B68BB60FFF789
:1010BC003FFF0346FB80FB88BA689A4205D20023A7
:1010CC00BB81324B01221A704DE0FB88304A1288EA
:1010DC0092B213441A46BB68934206D92C4B1B8818
:1010EC00BB812A4B00221A703DE0BB689AB2FB8888
:1010FC00D31ABB81254B01221A7034E0FA7B2249AA
:10110C0013465B001344DB000B4408331A68FB885E
:10111C009A420AD2FA7B1C4913465B001344DB004B
:10112C000B44083300221A6013E0FA7B164913466D
:10113C005B001344DB000B4408331968FB88FA7B13
:10114C00C91A114813465B001344DB0003440833EF
:10115C001960FA7B0C4913465B001344DB000B440B
:10116C0015331B78FB73FB7B062BC7D1BB89184649
:10117C00FFF71EFF00BF1037BD4680BD00280040A2
:10118C007C0A0020B409002024090020BC0900209E
:10119C00C209002080B58AB000AFEFF310837B61E9
:1011AC007B697B6272B600BF594B1B68CA225A62BC
:1011BC00574B1B6853225A62554B1B689A68544B09
:1011CC001B6822F480629A60524B1B7887F823309C
:1011DC0097F82320504913465B001344DB000B4463
:1011EC000C331B78DBB2022B6ED197F823204A49C3
:1011FC0013465B001344DB000B441B68FB6197F840
:10120C002320454913465B001344DB000B44103389
:10121C001B68BB61414B1B78DBB2002B4CD097F8A1
:10122C0023203D4913465B001344DB000B440D3374
:10123C001B78DBB2012B24D197F8233001211846FF
:10124C00FFF7F2FD7B6A3B613B6983F3108800BFBB
:10125C0097F82320304913465B001344DB000B4402
:10126C0004331A6897F823301146184600F032FA06
:10127C00274B1B68CA225A62254B1B6853225A62A1
:10128C0012E07B6AFB60FB6883F3108800BF97F861
:10129C002330184600F09AF91D4B1B68CA225A627B
:1012AC001B4B1B6853225A6297F82330FA69194674
:1012BC00B86900F095FA22E0FFF7D2FE7B6ABB60BA
:1012CC00BB6883F310881AE000BF114B1B68DB6806
:1012DC0003F00403002BF8D00D4B1B68DB68DAB26B
:1012EC000B4B1B6862F49062DA600D4B4FF40022DA
:1012FC00DA607B6A7B607B6883F3108800BF044BE9
:10130C001B68FF225A6200BF2837BD4680BD00BF54
:10131C007C0A0020B409002024090020BC0900200C
:10132C000008005880B588B000AF03463960FB71E7
:10133C005E4B1B68CA225A625C4B1B6853225A6272
:10134C005B4B9B685A4A43F020039360584B9B6855
:10135C00DBB203F00703DBB2C3F10403DAB2554B83
:10136C001A70534B1B6903F4FE034FF4FE023A61EF
:10137C003A6992FAA2F2FA60FA687A617A69002AFA
:10138C0001D1202203E07A69B2FA82F2D2B2D340C0
:10139C00DBB20133DAB2484B1A70454B1B699BB276
:1013AC00C3F30E039BB201339AB2444B1A80434BE6
:1013BC001B88013B404A127802FB03F3A3F5A07390
:1013CC003C4A1278D340BB61BB694FF6FE72934224
:1013DC0004D93B4B4FF6FF721A8003E0BB699AB2FB
:1013EC00374B1A804FF40020FFF79CFB4FF4002082
:1013FC00FFF784FBFB79002B3DD1324B01221A7095
:10140C00314B4FF0FF321A600023FB770CE0FA7F70
:10141C002E4913465B001344DB000B440C330022B3
:10142C001A70FB7F0133FB77FB7F052BEFD9284B21
:10143C0006221A701D4B1B689A681C4B1B6822F401
:10144C0080629A60194B1B68DB68DAB2174B1B6819
:10145C0062F49062DA601F4B4FF40022DA600320D2
:10146C0001F0ABFF114B1B689A68104B1B6842F4E0
:10147C0080429A6009E00D4B1B68DB6803F48063C3
:10148C00002B02D0032001F08AFF084B1B68FF22BF
:10149C005A6200220321032001F03FFF032001F0D8
:1014AC0056FF00BF2037BD4680BD00BF7C0A002020
:1014BC0000280040BD090020BE090020C009002002
:1014CC00C2090020BC090020B80900202409002012
:1014DC00B40900200008005880B48BB000AFF8604D
:1014EC00B9603B601346FB71002387F82630EFF39D
:1014FC001083FB61FB693B6272B600BF04E097F896
:10150C002630013387F8263097F82630052B0CD877
:10151C0097F826202C4913465B001344DB000B4440
:10152C000C331B78DBB2002BE9D197F82630062B55
:10153C0038D097F82620244913465B001344DB006F
:10154C000B440C3301221A703B6ABB61BB6983F3F9
:10155C00108800BF97F826201B4913465B001344E4
:10156C00DB000B441033FA681A6097F826201649F2
:10157C0013465B001344DB000B440D33FA791A70ED
:10158C0097F82620104913465B001344DB000B44EC
:10159C003A681A60BB6897F826201A70002387F8FF
:1015AC00273008E03B6A7B617B6983F3108800BFBE
:1015BC00012387F8273097F8273018462C37BD467B
:1015CC005DF8047B704700BF2409002080B586B00D
:1015DC0000AF0346FB71EFF31083FB60FB687B618C
:1015EC0072B600BF032001F0C0FE344B1B68CA2248
:1015FC005A62324B1B6853225A62FA7930491346AD
:10160C005B001344DB000B440C331B78DBB2022B66
:10161C0042D1FB7900211846FFF706FC294B1B78B9
:10162C00FB74FB7C062B2FD1274B9B6803F4806348
:10163C00B3F5806F07D100BF204B1B68DB6803F04C
:10164C000403002BF8D11D4B1B689A681B4B1B68BD
:10165C0022F480629A6000BF184B1B68DB6803F0B1
:10166C000403002BF8D0154B1B68DB68DAB2134B64
:10167C001B6862F49062DA60144B4FF40022DA605B
:10168C00032001F09AFE07E0114B1B78DBB2FA7CC9
:10169C009A4201D0FFF7E4FC084B1B68FF225A6208
:1016AC00032001F054FE7B69BB60BB6883F3108898
:1016BC0000BF00BF1837BD4680BD00BF7C0A0020AC
:1016CC0024090020B409002000280040000800581C
:1016DC00B509002080B586B000AF03463960FB71B8
:1016EC00FA793B4913465B001344DB000B440C3383
:1016FC001B78DBB2022B03D1FB791846FFF766FF90
:10170C00EFF31083FB60FB687B6172B600BF0320B4
:10171C0001F02BFE2F4B1B68CA225A622D4B1B6803
:10172C0053225A62FA792A4913465B001344DB00B0
:10173C000B440C3302221A70FA79254913465B00CC
:10174C001344DB000B4408333A681A60FA792049D9
:10175C0013465B001344DB000B4404333A681A60F5
:10176C00FB791846FFF7B6FA03467B821A4B1B78B7
:10177C007B741A4B1B78DBB27A7C9A4202D0FFF74F
:10178C006FFC13E0FA79124913465B001344DB003B
:10179C000B44083319687B8AFA79C91A0C4813462A
:1017AC005B001344DB00034408331960094B1B68CE
:1017BC00FF225A62032001F0CAFD7B69BB60BB6843
:1017CC0083F3108800BF00BF1837BD4680BD00BF33
:1017DC00240900207C0A0020B4090020B50900204F
:1017EC0080B584B000AFF8600B467A60FB727B6802
:1017FC00984700BF1037BD4680BD80B485B000AFA0
:10180C0078604FF0B0439A6C4FF0B0417B68134353
:10181C008B644FF0B0439A6C7B681340FB60FB68A1
:10182C0000BF1437BD465DF8047B704780B485B0AB
:10183C0000AF78604FF0B043DA6C4FF0B0417B688A
:10184C001343CB644FF0B043DA6C7B681340FB60FE
:10185C00FB6800BF1437BD465DF8047B704780B54C
:10186C0000AF00F0FBFCFEF78BFF00F019F800F066
:10187C0087F800F027FA00F003FA00F077F900F08F
:10188C004BF900F0B1F900F09BF800F0FDF800F016
:10189C003BF9FEF783FF4FF0FF3008F041FDFAE70C
:1018AC0080B59AB000AF07F12003482200211846FA
:1018BC0008F070FF3B1D00221A605A609A60DA60D3
:1018CC001A615A619A614FF0B043DB684FF0B04235
:1018DC0023F07003D3604FF0B043DB6823F00303B5
:1018EC004FF0B04243F00103D360244B1B6823F448
:1018FC00C063224A43F400731360204B1B6803F44B
:10190C00C0633B603B682B233B624FF480337B62AC
:10191C004FF48073FB620123FB6340233B63002382
:10192C003B6460237B6405237B630023FB6407F12A
:10193C002003184602F0E6FB0346002B01D000F012
:10194C0035FA6F237B600223BB600023FB6000230E
:10195C003B6100237B610023BB610023FB613B1DCA
:10196C000121184602F042FF0346002B01D000F083
:10197C001DFA00BF6837BD4680BD00BF000400588B
:10198C0080B594B000AF3B4650220021184608F0B9
:10199C0001FF4FF440533B604FF440437B64002302
:1019AC00BB641023FB643B46184603F05CFB034608
:1019BC00002B01D000F0FAF900BF5037BD4680BDB6
:1019CC0080B586B000AF3B4600221A605A609A6020
:1019DC00DA601A615A61294B294A1A60274B002296
:1019EC005A60264B00229A60244B0022DA60234B6B
:1019FC0000221A61214B04225A61204B00221A76D4
:101A0C001E4B00225A761D4B0122DA611B4B002221
:101A1C0083F82020194B00229A62184B0022DA62BC
:101A2C00164B002283F83020144B00225A63134BC0
:101A3C00002283F83820114800F022FE0346002BC8
:101A4C0001D000F0B3F90F4B3B6006237B60002301
:101A5C00BB607F23FB6004233B6100237B613B461F
:101A6C001946064800F058FF0346002B01D000F041
:101A7C009DF900BF1837BD4680BD00BFC4090020CA
:101A8C00000004500001802180B500AF1B4B1C4AA4
:101A9C001A601A4B1B4A5A60184B00229A60174B5B
:101AAC000122DA60154B00221A61144B00225A6194
:101ABC00124B00229A61114B0022DA610F4B00226B
:101ACC001A620E4801F064FE0346002B01D000F0B0
:101ADC006DF90021094801F0EAFE0346002B01D004
:101AEC0000F064F90021054801F02CFF0346002B9F
:101AFC0001D000F05BF900BF80BD00BF280A0020B8
:101B0C0000540040BB7C700080B400AF00BFBD46E9
:101B1C005DF8047B7047000080B500AF114B124A92
:101B2C001A60104B00225A600E4B0F229A600D4B1C
:101B3C0047F6FF72DA600B4B00221A61094B002248
:101B4C009A61084B0022DA61064B00225A61054863
:101B5C0003F010FD0346002B01D000F027F900BF65
:101B6C0080BD00BF7C0A00200028004080B500AF7B
:101B7C001B4B1C4A1A601A4B4FF482725A60184B5A
:101B8C0000229A60164B4FF4E062DA60144B00228C
:101B9C001A61134B01225A61114B4FF400729A6176
:101BAC000F4B0822DA610E4B00221A620C4B0022FA
:101BBC005A620B4B00229A62094B0722DA62084BDD
:101BCC0000221A63064B08225A63054803F0D2FD23
:101BDC000346002B01D000F0E9F800BF80BD00BF28
:101BEC00A00A00200030014080B500AF224B234AF0
:101BFC001A60214B4FF4E1325A601F4B00229A605D
:101C0C001D4B0022DA601C4B00221A611A4B0C226D
:101C1C005A61194B00229A61174B0022DA61164B5C
:101C2C0000221A62144B00225A62134B00229A6251
:101C3C00114804F047FB0346002B01D000F0B6F826
:101C4C0000210D4805F012F80346002B01D000F0DE
:101C5C00ADF80021084805F047F80346002B01D0E9
:101C6C0000F0A4F8044804F0C8FF0346002B01D090
:101C7C0000F09CF800BF80BD040B00200038014030
:101C8C0080B500AF0420FFF7B8FD0120FFF7B5FDCC
:101C9C00002200210B2001F040FB0B2001F057FB30
:101CAC00002200210C2001F038FB0C2001F04FFB2E
:101CBC00002200210D2001F030FB0D2001F047FB2C
:101CCC0000BF80BD80B586B000AF3B1D00221A60FE
:101CDC005A609A60DA601A610220FFF7A7FD0120B2
:101CEC00FFF7A4FD00224FF402614FF0904001F089
:101CFC00FBFC10237B600023BB600023FB603B1DBF
:101D0C0019464FF0904001F067FB4FF402637B6083
:101D1C000123BB600023FB6000233B613B1D194684
:101D2C004FF0904001F058FB4FF480537B604FF420
:101D3C008813BB600023FB603B1D19464FF090409D
:101D4C0001F04AFB00220021282001F0E6FA2820AD
:101D5C0001F0FDFA00220821134801F0C5FC08230C
:101D6C007B600123BB600023FB6000233B613B1DB8
:101D7C0019460D4801F030FB012204214FF0904030
:101D8C0001F0B2FC04237B600123BB600023FB60E9
:101D9C0000233B613B1D19464FF0904001F01CFBAA
:101DAC0000BF1837BD4680BD0004004880B400AFAA
:101DBC0072B600BF00BFFDE780B400AF4FF0B04378
:101DCC00D3F890304FF0B04243F40043C2F8903057
:101DDC0000BFBD465DF8047B704780B485B000AF92
:101DEC0078604FF0B043DA6C4FF0B0417B6813432E
:101DFC00CB644FF0B043DA6C7B681340FB60FB683C
:101E0C0000BF1437BD465DF8047B704780B485B0C5
:101E1C0000AF78604FF0B0431A6D4FF0B0417B6863
:101E2C0013430B654FF0B0431A6D7B681340FB6096
:101E3C00FB6800BF1437BD465DF8047B704780B467
:101E4C0085B000AF78604FF0B0439A6D4FF0B04161
:101E5C007B6813438B654FF0B0439A6D7B681340DE
:101E6C00FB60FB6800BF1437BD465DF8047B704710
:101E7C0080B485B000AF78604FF0B0431A6E4FF06D
:101E8C00B0417B6813430B664FF0B0431A6E7B680E
:101E9C001340FB60FB6800BF1437BD465DF8047B44
:101EAC00704780B500AF4FF40020FFF7AFFF002262
:101EBC0000212E2001F031FA2E2001F048FA00BF4B
:101ECC0080BD000080B59CB000AF786007F15C036A
:101EDC0000221A605A609A60DA601A6107F10C03EA
:101EEC0050220021184608F055FC7B681B681C4AE0
:101EFC00934231D14FF48063FB6018233B614FF464
:101F0C0000337B614FF00073BB614FF00053FB61FA
:101F1C004FF080533B624FF08053BB6407F10C03CE
:101F2C00184603F0A0F80346002B01D0FFF73EFF44
:101F3C004FF40050FFF751FF0120FFF74EFF08232D
:101F4C00FB6503233B6600237B6607F15C031946A4
:101F5C004FF0904001F040FA00BF7037BD4680BD95
:101F6C000000045080B59CB000AF786007F15C03B2
:101F7C0000221A605A609A60DA601A6107F10C0349
:101F8C0050220021184608F005FC7B681B68164A95
:101F9C00934225D10423FB60144BFB6207F10C0325
:101FAC00184603F060F80346002B01D0FFF7FEFE45
:101FBC000220FFF712FF4FF44073FB6512233B66C0
:101FCC0000237B660023BB660423FB6607F15C03DE
:101FDC001946074801F000FA4FF40010FFF72FFFE5
:101FEC0000BF7037BD4680BD0054004000020300A6
:101FFC000004004880B596B000AF786007F1080384
:10200C0050220021184608F0C5FB7B681B680E4A5D
:10201C00934215D14FF40063BB604FF40073BB6463
:10202C0007F10803184603F01EF80346002B01D0F5
:10203C00FFF7BCFEFFF7C0FE4FF48060FFF7FFFE1A
:10204C0000BF5837BD4680BD0028004080B588B021
:10205C0000AF786007F10C0300221A605A609A6096
:10206C00DA601A617B681B680F4A934217D14FF4F0
:10207C008050FFF7FDFE0120FFF7AFFEC223FB608F
:10208C0002233B6100237B610023BB610523FB61C1
:10209C0007F10C0319464FF0904001F09DF900BF79
:1020AC002037BD4680BD00BF0030014080B500AF79
:1020BC00FFF770F800BF80BD80B500AF07F0B0FF30
:1020CC0000BF80BD80B500AF07F0E0FF00BF80BD52
:1020DC0080B400AF00BFFDE780B400AF00BFFDE7E8
:1020EC0080B400AF00BFFDE780B400AF00BFFDE7D8
:1020FC0080B400AF00BFBD465DF8047B704780B470
:10210C0000AF00BFBD465DF8047B704780B400AFE4
:10211C0000BFBD465DF8047B704780B500AF00F092
:10212C00F7F800BF80BD80B500AF4FF4805001F0D0
:10213C00F3FA00BF80BD80B500AF01F005FB00BF16
:10214C0080BD000080B400AF244BD3F88830234A04
:10215C0043F47003C2F888304FF0B0431B684FF063
:10216C00B04243F0010313604FF0B0434FF4E02250
:10217C009A604FF0B0431A684FF0B041184B1340BF
:10218C000B604FF0B043D3F894304FF0B04223F0D3
:10219C000503C2F894304FF0B043D3F898304FF0A9
:1021AC00B04223F00103C2F898304FF0B0430D4A0F
:1021BC00DA604FF0B0430B4A1A614FF0B0431B6822
:1021CC004FF0B04223F4802313604FF0B043002251
:1021DC009A6100BFBD465DF8047B704700ED00E0DE
:1021EC00FBFEF6FA00100422D458C4500433C41871
:1021FC008C42F9D37047036004308842FBD370479C
:10220C000C488546FFF79EFF0B480C490C4A0023EF
:10221C00FFF7EDFF0B480C490C4A0023FFF7E7FFD3
:10222C000B480C490023FFF7E8FF08F0BBFAFFF757
:10223C0016FBFEE700000320080000203000002001
:10224C0004AB0008E3010320E3010320FDB3000805
:10225C0008090020E80D0020FEE7000080B582B0E0
:10226C0000AF0023FB710C4B1B680B4A43F48073CB
:10227C001360032001F046F80F2000F00FF803461E
:10228C00002B02D00123FB7101E0FFF70AFEFB7962
:10229C0018460837BD4680BD0040005880B584B054
:1022AC0000AF78600023FB73174B1B78002B24D0F6
:1022BC0002F048FC0246144B1B7819464FF47A7313
:1022CC00B3FBF1F3B2FBF3F3184601F05CF80346F1
:1022DC00002B0FD17B680F2B09D8002279684FF0A7
:1022EC00FF3001F01AF8094A7B68136007E00123FC
:1022FC00FB7304E00123FB7301E00123FB73FB7B05
:10230C0018461037BD4680BD100000200C00002080
:10231C0080B400AF064B1B781A46064B1B6813445F
:10232C00044A136000BFBD465DF8047B704700BFD4
:10233C0010000020980B002080B400AF034B1B68EA
:10234C001846BD465DF8047B704700BF980B002013
:10235C0080B400AF034B1B681846BD465DF8047B88
:10236C00704700BF0C00002080B483B000AF7860D1
:10237C0039607B689B6823F47C123B681A437B684A
:10238C009A6000BF0C37BD465DF8047B704780B483
:10239C0083B000AF786039607B689B6823F0E07293
:1023AC003B681A437B689A6000BF0C37BD465DF8EA
:1023BC00047B704780B483B000AF78607B689B6807
:1023CC0003F0E07318460C37BD465DF8047B70478C
:1023DC0080B487B000AFF860B9607A603B60FB688E
:1023EC0060331A46BB689B0013447B617B691A6897
:1023FC00084B13407A6802F0F8413A680A431343D9
:10240C0043F000427B691A6000BF1C37BD465DF883
:10241C00047B704700F0FF0380B485B000AF786098
:10242C0039607B6860331A463B689B001344FB6041
:10243C00FB681B6803F0F84318461437BD465DF87B
:10244C00047B704780B487B000AFF860B9607A60E5
:10245C00FB6860331A46BB689B0013447B617B6945
:10246C001B6823F000427B681A437B691A6000BF2B
:10247C001C37BD465DF8047B704780B487B000AF55
:10248C00F860B9607A60FB6830331A46BB681B0A87
:10249C009B0003F00C0313447B617B691A68BB68D7
:1024AC0003F01F031F2101FA03F3DB431A407B687F
:1024BC009B0E03F01F01BB6803F01F0301FA03F32B
:1024CC001A437B691A6000BF1C37BD465DF8047B5C
:1024DC00704780B487B000AFF860B9607A60FB6871
:1024EC0014331A46BB685B0E9B0003F004031344C1
:1024FC007B617B691A68BB681B0D03F01F03072106
:10250C0001FA03F3DB431A40BB681B0D03F01F03F6
:10251C00796801FA03F31A437B691A6000BF1C3710
:10252C00BD465DF8047B704780B485B000AFF860A1
:10253C00B9607A60FB68D3F8B020BB68C3F31203B0
:10254C00DB431A407B6803F018030849D940BB6889
:10255C000B40C3F312031A43FB68C3F8B02000BF4F
:10256C001437BD465DF8047B704700BFFFFF0700C2
:10257C0080B483B000AF78607B689B6823F0204305
:10258C0023F03F037A68936000BF0C37BD465DF8BB
:10259C00047B704780B483B000AF78607B689B6825
:1025AC0003F00053B3F1005F01D1012300E00023DD
:1025BC0018460C37BD465DF8047B704780B483B079
:1025CC0000AF78607B689B6823F0104323F03F03D7
:1025DC0043F080527B689A6000BF0C37BD465DF8B3
:1025EC00047B704780B483B000AF78607B689B68D5
:1025FC0003F08053B3F1805F01D1012300E000238D
:10260C0018460C37BD465DF8047B704780B483B028
:10261C0000AF78607B689B6803F00103012B01D14C
:10262C00012300E0002318460C37BD465DF8047BFF
:10263C00704780B483B000AF78607B689B6803F010
:10264C000403042B01D1012300E0002318460C37AE
:10265C00BD465DF8047B704780B483B000AF7860F2
:10266C007B689B6803F00803082B01D1012300E071
:10267C00002318460C37BD465DF8047B70470000FC
:10268C0080B588B000AF78600023FB770023BB6176
:10269C000023BB607B68002B01D101232EE17B68FA
:1026AC001B69002B7B685B6D002B09D17868FFF7E9
:1026BC0009FC7B6800229A657B68002283F8502015
:1026CC007B681B681846FFF765FF0346002B04D098
:1026DC007B681B681846FFF74BFF7B681B68184626
:1026EC00FFF780FF0346002B15D17B681B6818464B
:1026FC00FFF764FF834B1B689B09834AA2FB0323F0
:10270C009B0901335B00BB6002E0BB68013BBB6013
:10271C00BB68002BF9D17B681B681846FFF762FF7A
:10272C000346002B0DD17B685B6D43F010027B6878
:10273C005A657B689B6D43F001027B689A650123A7
:10274C00FB777B681B681846FFF773FF78617B6823
:10275C005B6D03F01003002B40F0C7807B69002BEE
:10276C0040F0C3807B685B6D23F4817343F00202FD
:10277C007B685A657B681B681846FFF747FF034662
:10278C00002B0BD16148FFF741FF0346002B05D10D
:10279C007B685B6819465E48FFF7E6FD7B685B7EED
:1027AC005A037B685B6B1A437B68DB681A437B6854
:1027BC009B681A437B6893F820301B041343BA6957
:1027CC001343BB617B6893F82030012B06D17B68E7
:1027DC005B6A013B5B04BA691343BB617B689B6A10
:1027EC00002B09D07B689B6A03F470727B68DB6AF0
:1027FC001343BA691343BB617B681B68DA68454BAA
:10280C0013407A681268B9690B43D3607B681B6804
:10281C001846FFF70EFF38617B681B681846FFF7F8
:10282C001BFFF8603B69002B3DD1FB68002B3AD1B4
:10283C007B681B7E9A037B6893F830305B001343F4
:10284C00BB617B681B68DB6823F4804323F00203C5
:10285C007A681268B9690B43D3607B6893F8383097
:10286C00012B18D17B681B681B6923F4FF6323F0D1
:10287C0004037A68D16B7A68126C11437A68526CD3
:10288C0011437A68926C0A431A437B681B6842F0C6
:10289C0001021A6107E07B681B681A697B681B6878
:1028AC0022F001021A617B681B69012B0CD17B6839
:1028BC001B681B6B23F00F017B68DB695A1E7B685E
:1028CC001B680A431A6307E07B681B681A6B7B68FA
:1028DC001B6822F00F021A637B685B6D23F0030305
:1028EC0043F001027B685A6507E07B685B6D43F03F
:1028FC0010027B685A650123FB77FB7F1846203753
:10290C00BD4680BD08000020632D3E05000004502C
:10291C000003045007C0F0FF80B5B6B000AF78607C
:10292C003960002387F8D7300023FB607B6893F86D
:10293C005030012B01D102239FE37B68012283F8E5
:10294C0050207B681B681846FFF773FE0346002B6C
:10295C0040F084837B6818683B6859683B681B6847
:10296C001A46FFF78AFD7B681B681846FFF761FE65
:10297C00C7F8D0007B681B681846FFF76DFEC7F8D8
:10298C00CC00D7F8D030002B40F0A681D7F8CC3053
:10299C00002B40F0A1817B6818683B6819683B6884
:1029AC009B681A46FFF795FD3B685A697B681B6864
:1029BC00DB68DB0803F003035B0002FA03F3C7F8E0
:1029CC00C8303B681B69042B0AD07B6818683B68CD
:1029DC0019693B681A68D7F8C830FFF7F9FC7BE136
:1029EC007B681B6800211846FFF716FD0346C3F3EE
:1029FC001203002B0AD17B681B6800211846FFF7D5
:102A0C000BFD03469B0E03F01F021EE07B681B6848
:102A1C0000211846FFF700FD0346C7F8BC30D7F875
:102A2C00BC3093FAA3F3C7F8B830D7F8B830C7F86E
:102A3C00C030D7F8C030002B01D1202304E0D7F8E8
:102A4C00C030B3FA83F3DBB21A463B681B68C3F39E
:102A5C001203002B05D13B681B689B0E03F01F0370
:102A6C0018E03B681B68C7F8B030D7F8B03093FA61
:102A7C00A3F3C7F8AC30D7F8AC30C7F8B430D7F8FC
:102A8C00B430002B01D1202304E0D7F8B430B3FAD2
:102A9C0083F3DBB29A4206D17B681B6800220021CB
:102AAC001846FFF7CFFC7B681B6801211846FFF71F
:102ABC00B3FC0346C3F31203002B0AD17B681B68DB
:102ACC0001211846FFF7A8FC03469B0E03F01F02DA
:102ADC001EE07B681B6801211846FFF79DFC03462E
:102AEC00C7F8A430D7F8A43093FAA3F3C7F8A030F2
:102AFC00D7F8A030C7F8A830D7F8A830002B01D1F0
:102B0C00202304E0D7F8A830B3FA83F3DBB21A46DB
:102B1C003B681B68C3F31203002B05D13B681B6891
:102B2C009B0E03F01F0318E03B681B68C7F8983036
:102B3C00D7F8983093FAA3F3C7F89430D7F89430B9
:102B4C00C7F89C30D7F89C30002B01D1202304E02F
:102B5C00D7F89C30B3FA83F3DBB29A4206D17B6888
:102B6C001B68002201211846FFF76CFC7B681B6870
:102B7C0002211846FFF750FC0346C3F31203002B47
:102B8C000AD17B681B6802211846FFF745FC0346F7
:102B9C009B0E03F01F021EE07B681B680221184687
:102BAC00FFF73AFC0346C7F88C30D7F88C3093FA11
:102BBC00A3F3C7F88830D7F88830C7F89030D7F827
:102BCC009030002B01D1202304E0D7F89030B3FAD9
:102BDC0083F3DBB21A463B681B68C3F31203002B6A
:102BEC0005D13B681B689B0E03F01F0316E03B6886
:102BFC001B68C7F88030D7F8803093FAA3F3FB67D3
:102C0C00FB6FC7F88430D7F88430002B01D1202318
:102C1C0004E0D7F88430B3FA83F3DBB29A4206D1DE
:102C2C007B681B68002202211846FFF70BFC7B68AF
:102C3C001B6803211846FFF7EFFB0346C3F312038F
:102C4C00002B0AD17B681B6803211846FFF7E4FBB5
:102C5C0003469B0E03F01F0217E07B681B680321E1
:102C6C001846FFF7D9FB03467B677B6F93FAA3F3F8
:102C7C003B673B6FBB67BB6F002B01D1202303E08D
:102C8C00BB6FB3FA83F3DBB21A463B681B68C3F322
:102C9C001203002B05D13B681B689B0E03F01F032E
:102CAC0011E03B681B68BB66BB6E93FAA3F37B66B3
:102CBC007B6EFB66FB6E002B01D1202303E0FB6EC9
:102CCC00B3FA83F3DBB29A4206D17B681B6800220D
:102CDC0003211846FFF7B6FB7B681B681846FFF705
:102CEC0095FC0346002B40F0C2817B6818683B685A
:102CFC0019683B68DB681A46FFF716FC3B68DB6813
:102D0C008E4A934240F030817B6818683B681B68A0
:102D1C00C3F31203002B0BD13B681B689B0E0133D2
:102D2C0003F01F03092B94BF01230023DBB219E02E
:102D3C003B681B68FB65FB6D93FAA3F3BB65BB6D2E
:102D4C003B663B6E002B01D1202303E03B6EB3FAB4
:102D5C0083F3DBB2013303F01F03092B94BF012370
:102D6C000023DBB2002B79D03B681B68C3F3120342
:102D7C00002B07D13B681B689B0E01339B0603F0AD
:102D8C00F84215E03B681B683B653B6D93FAA3F377
:102D9C00FB64FB6C7B657B6D002B01D1202303E076
:102DAC007B6DB3FA83F3DBB201339B0603F0F8427D
:102DBC003B681B68C3F31203002B09D13B681B68EB
:102DCC009B0E013303F01F03012101FA03F317E0FB
:102DDC003B681B687B647B6C93FAA3F33B643B6C92
:102DEC00BB64BB6C002B01D1202303E0BB6CB3FA9A
:102DFC0083F3DBB2013303F01F03012101FA03F368
:102E0C0042EA03013B681B68C3F31203002B0AD18F
:102E1C003B681B689B0E013303F01F0213465B00DB
:102E2C0013441B0518E03B681B68BB63BB6B93FA30
:102E3C00A3F37B637B6BFB63FB6B002B01D1202328
:102E4C0003E0FB6BB3FA83F3DBB2013303F01F0235
:102E5C0013465B0013441B050B4380E03B681B6867
:102E6C00C3F31203002B07D13B681B689B0E013385
:102E7C009B0603F0F84215E03B681B68FB62FB6A9B
:102E8C0093FAA3F3BB62BB6A3B633B6B002B01D190
:102E9C00202303E03B6BB3FA83F3DBB201339B06D5
:102EAC0003F0F8423B681B68C3F31203002B09D1F3
:102EBC003B681B689B0E013303F01F03012101FAD1
:102ECC0003F317E03B681B683B623B6A93FAA3F37E
:102EDC00FB61FB697B627B6A002B01D1202303E041
:102EEC007B6AB3FA83F3DBB2013303F01F030121D6
:102EFC0001FA03F342EA03013B681B68C3F31203B4
:102F0C00002B0DD13B681B689B0E013303F01F0295
:102F1C0013465B0013441E3B1B0543F000731DE07E
:102F2C003B681B687B617B6993FAA3F33B613B694C
:102F3C00BB61BB69002B03D1202305E000007F405F
:102F4C00BB69B3FA83F3DBB2013303F01F02134600
:102F5C005B0013441E3B1B0543F000730B433A68A4
:102F6C0092681946FFF7B5FA3B681A68454B13404F
:102F7C00002B7CD04448FFF71DFAC7F8C400434827
:102F8C00FFF744FB0346002B5ED13B681B68404AAD
:102F9C00934227D1D7F8C43003F40003002B21D17E
:102FAC007B681B68394A934261D1D7F8C43043F42B
:102FBC00000319463448FFF7EAF9364B1B689B09A6
:102FCC00354AA2FB03239B095A1C13465B0013448E
:102FDC009B00FB6002E0FB68013BFB60FB68002B85
:102FEC00F9D144E03B681B682C4A934213D1D7F8C3
:102FFC00C43003F08073002B0DD17B681B68234A0F
:10300C00934234D1D7F8C43043F0807319461E482C
:10301C00FFF7BDF92BE03B681B68214A934226D190
:10302C00D7F8C43003F48003002B20D17B681B68D5
:10303C00164A93421BD1D7F8C43043F48003194687
:10304C001148FFF7A4F912E07B685B6D43F0200296
:10305C007B685A65012387F8D73008E07B685B6D85
:10306C0043F020027B685A65012387F8D7307B68D0
:10307C00002283F8502097F8D7301846D837BD4631
:10308C0080BD00BF00000880000304500000045005
:10309C00000052C708000020632D3E05000084CBC1
:1030AC000100008080B485B000AF78607B6803F0CD
:1030BC000703FB600C4BDB68BB60BA684FF6FF0381
:1030CC001340BB60FB681A02BB68134343F0BF6339
:1030DC0043F40033BB60044ABB68D36000BF1437B1
:1030EC00BD465DF8047B704700ED00E080B400AF96
:1030FC00044BDB681B0A03F007031846BD465DF85A
:10310C00047B704700ED00E080B483B000AF034651
:10311C00FB7197F90730002B0BDBFB7903F01F02D7
:10312C00074997F907305B09012000FA02F241F8D0
:10313C00232000BF0C37BD465DF8047B704700BFF1
:10314C0000E100E080B483B000AF0346FB7197F957
:10315C000730002B12DBFB7903F01F020A4997F9A9
:10316C0007305B09012000FA02F2203341F82320DA
:10317C00BFF34F8F00BFBFF36F8F00BF00BF0C3783
:10318C00BD465DF8047B704700E100E080B483B07D
:10319C0000AF0346FB7197F90730002B0CDBFB7972
:1031AC0003F01F02074997F907305B09012000FA69
:1031BC0002F2403341F8232000BF0C37BD465DF8C6
:1031CC00047B704700E100E080B483B000AF03469D
:1031DC00FB7197F90730002B0CDBFB7903F01F0216
:1031EC00074997F907305B09012000FA02F26033B6
:1031FC0041F8232000BF0C37BD465DF8047B7047B7
:10320C0000E100E080B483B000AF03463960FB718D
:10321C0097F90730002B0ADB3B68DAB20C4997F9B7
:10322C0007301201D2B20B4483F800230AE03B684A
:10323C00DAB20849FB7903F00F03043B1201D2B256
:10324C000B441A7600BF0C37BD465DF8047B704703
:10325C0000E100E000ED00E080B489B000AFF86060
:10326C00B9607A60FB6803F00703FB61FB69C3F18B
:10327C000703042B28BF0423BB61FB690433062B13
:10328C0002D9FB69033B00E000237B614FF0FF3266
:10329C00BB6902FA03F3DA43BB681A407B699A40B4
:1032AC004FF0FF317B6901FA03F3D9437B680B4084
:1032BC00134318462437BD465DF8047B7047000065
:1032CC0080B582B000AF78607B68013BB3F1807F42
:1032DC0001D301230FE00A4A7B68013B53600F21A5
:1032EC004FF0FF30FFF78EFF054B00229A60044B26
:1032FC0007221A60002318460837BD4680BD00BF60
:10330C0010E000E080B582B000AF78607868FFF71D
:10331C00C9FE00BF0837BD4680BD80B586B000AF82
:10332C000346B9607A60FB73FFF7E0FE78617A6858
:10333C00B9687869FFF790FF024697F90F3011468C
:10334C001846FFF75FFF00BF1837BD4680BD80B53C
:10335C0082B000AF0346FB7197F907301846FFF7B0
:10336C00D3FE00BF0837BD4680BD80B582B000AF2C
:10337C000346FB7197F907301846FFF7E3FE00BFD1
:10338C000837BD4680BD80B582B000AF78607868E4
:10339C00FFF796FF034618460837BD4680BD80B53B
:1033AC0082B000AF0346FB7197F907301846FFF760
:1033BC00EDFE00BF0837BD4680BD80B582B000AFC2
:1033CC000346FB7197F907301846FFF7FDFE00BF67
:1033DC000837BD4680BD000080B487B000AF786070
:1033EC00396000237B614CE13B681A6801217B69E1
:1033FC0001FA03F31340FB60FB68002B00F03E81E5
:10340C003B685B6803F00303012B05D03B685B68EA
:10341C0003F00303022B30D17B689B683B617B6913
:10342C005B00032202FA03F3DB433A6913403B616E
:10343C003B68DA687B695B0002FA03F33A69134371
:10344C003B617B683A699A607B685B683B610122EF
:10345C007B6902FA03F3DB433A6913403B613B6837
:10346C005B681B0903F001027B6902FA03F33A69FA
:10347C0013433B617B683A695A603B685B6803F0B5
:10348C000303032B17D07B68DB683B617B695B0014
:10349C00032202FA03F3DB433A6913403B613B68B6
:1034AC009A687B695B0002FA03F33A6913433B6148
:1034BC007B683A69DA603B685B6803F00303022BB4
:1034CC0023D17B69DA087B68083253F822303B61E0
:1034DC007B6903F007039B000F2202FA03F3DB4323
:1034EC003A6913403B613B681A697B6903F0070337
:1034FC009B0002FA03F33A6913433B617B69DA08D8
:10350C007B680832396943F822107B681B683B6181
:10351C007B695B00032202FA03F3DB433A69134035
:10352C003B613B685B6803F003027B695B0002FA5A
:10353C0003F33A6913433B617B683A691A603B6851
:10354C005B6803F44033002B00F09880544A7B698D
:10355C009B08023352F823303B617B6903F0030371
:10356C009B000F2202FA03F3DB433A6913403B61E1
:10357C007B68B3F1904F19D07B684A4A934213D0C1
:10358C007B68494A93420DD07B68484A934207D0E6
:10359C007B68474A934201D1042308E0072306E0E5
:1035AC00032304E0022302E0012300E000237A69F4
:1035BC0002F00302920093403A6913433B6138498D
:1035CC007B699B0802333A6941F82320394B1B680D
:1035DC003B61FB68DB433A6913403B613B685B68CA
:1035EC0003F48013002B03D03A69FB6813433B614F
:1035FC00304A3B6913602F4B5B683B61FB68DB43D4
:10360C003A6913403B613B685B6803F40013002B81
:10361C0003D03A69FB6813433B61264A3B6953600C
:10362C00244BD3F880303B61FB68DB433A69134091
:10363C003B613B685B6803F48033002B03D03A6931
:10364C00FB6813433B611B4A3B69C2F88030194B42
:10365C00D3F884303B61FB68DB433A6913403B6130
:10366C003B685B6803F40033002B03D03A69FB68BA
:10367C0013433B610F4A3B69C2F884307B690133C9
:10368C007B613B681A687B6922FA03F3002B7FF499
:10369C00ABAE00BF00BF1C37BD465DF8047B704766
:1036AC00000001400004004800080048000C0048DD
:1036BC00001000480008005880B485B000AF786056
:1036CC000B467B807B681A697B881340002B02D0E9
:1036DC000123FB7301E00023FB73FB7B18461437BB
:1036EC00BD465DF8047B704780B483B000AF786052
:1036FC000B467B8013467B707B78002B03D07A883B
:10370C007B689A6102E07A887B689A6200BF0C370A
:10371C00BD465DF8047B704780B582B000AF0346B0
:10372C00FB80084BDA68FB881340002B06D0054A57
:10373C00FB88D360FB881846FDF74EF800BF0837AE
:10374C00BD4680BD0008005880B582B000AF0A4B62
:10375C00DB687B60084B1A687B68DB4306491340C7
:10376C000B60054A7B685360786800F007F800BF6F
:10377C000837BD4680BD00BF0015005880B483B02B
:10378C0000AF786000BF0C37BD465DF8047B704716
:10379C0080B582B000AF78607B68002B01D101232B
:1037AC0081E07B6893F84130DBB2002B06D17B685B
:1037BC00002283F840207868FEF7D4FB7B68242233
:1037CC0083F841207B681B681A687B681B6822F0B1
:1037DC0001021A607B685A687B681B6822F0706271
:1037EC001A617B681B689A687B681B6822F400422C
:1037FC009A607B68DB68012B07D17B689A687B68D1
:10380C001B6842F400429A6006E07B689A687B6809
:10381C001B6842F404429A607B68DB68022B04D17B
:10382C007B681B684FF400625A607B681B685B689E
:10383C007A68126843F0007343F4004353607B686A
:10384C001B68DA687B681B6822F40042DA607B68CC
:10385C001A697B685B6942EA03017B689B691A02FF
:10386C007B681B680A43DA607B68D9697B681A6AD3
:10387C007B681B680A431A607B681B681A687B6844
:10388C001B6842F001021A607B6800225A647B6854
:10389C00202283F841207B6800221A637B68002277
:1038AC0083F84220002318460837BD4680BD80B4FB
:1038BC0083B000AF786039607B6893F84130DBB23D
:1038CC00202B38D17B6893F84030012B01D1022397
:1038DC0032E07B68012283F840207B68242283F845
:1038EC0041207B681B681A687B681B6822F0010208
:1038FC001A607B681B681A687B681B6822F480520C
:10390C001A607B681B6819687B681B683A680A43F5
:10391C001A607B681B681A687B681B6842F001029E
:10392C001A607B68202283F841207B68002283F890
:10393C004020002300E0022318460C37BD465DF8FA
:10394C00047B704780B485B000AF786039607B68C9
:10395C0093F84130DBB2202B39D17B6893F840309F
:10396C00012B01D1022333E07B68012283F8402034
:10397C007B68242283F841207B681B681A687B686B
:10398C001B6822F001021A607B681B681B68FB60D5
:10399C00FB6823F47063FB603B681B02FA681343FB
:1039AC00FB607B681B68FA681A607B681B681A6886
:1039BC007B681B6842F001021A607B68202283F846
:1039CC0041207B68002283F84020002300E0022382
:1039DC0018461437BD465DF8047B704780B400AFC1
:1039EC00054B1B68044A43F48073136000BFBD464B
:1039FC005DF8047B704700BF0004005880B400AF32
:103A0C00044B1B6803F4C0631846BD465DF8047B89
:103A1C00704700BF0004005880B400AF4FF0B043B3
:103A2C001B6803F48013B3F5801F01D1012300E060
:103A3C0000231846BD465DF8047B704780B400AF88
:103A4C004FF0B0431B684FF0B04243F48033136027
:103A5C0000BFBD465DF8047B704780B400AF4FF0EB
:103A6C00B0431B684FF0B04223F48033136000BFA7
:103A7C00BD465DF8047B704780B400AF4FF0B04397
:103A8C001B6803F40033B3F5003F01D1012300E0C0
:103A9C0000231846BD465DF8047B704780B400AF28
:103AAC004FF0B0431B684FF0B04243F48073136087
:103ABC0000BFBD465DF8047B704780B400AF4FF08B
:103ACC00B0431B684FF0B04223F48073136000BF07
:103ADC00BD465DF8047B704780B400AF4FF0B04337
:103AEC001B6803F48063B3F5806F01D1012300E000
:103AFC0000231846BD465DF8047B704780B483B044
:103B0C0000AF78604FF0B0435B6823F0FE427B68F7
:103B1C001B064FF0B04113434B6000BF0C37BD4642
:103B2C005DF8047B704780B400AF4FF0B043D3F81E
:103B3C0098304FF0B04243F00103C2F8983000BF08
:103B4C00BD465DF8047B704780B400AF4FF0B043C6
:103B5C00D3F898304FF0B04223F00103C2F89830FC
:103B6C0000BFBD465DF8047B704780B400AF4FF0DA
:103B7C00B043D3F8983003F00203022B01D1012398
:103B8C0000E000231846BD465DF8047B704780B406
:103B9C0000AF4FF0B043D3F890304FF0B04243F049
:103BAC000103C2F8903000BFBD465DF8047B70473E
:103BBC0080B400AF4FF0B043D3F890304FF0B04228
:103BCC0023F00103C2F8903000BFBD465DF8047BC2
:103BDC00704780B400AF4FF0B043D3F890304FF043
:103BEC00B04243F00403C2F8903000BFBD465DF80C
:103BFC00047B704780B400AF4FF0B043D3F89030E3
:103C0C004FF0B04223F00403C2F8903000BFBD4621
:103C1C005DF8047B704780B400AF4FF0B043D3F82D
:103C2C00903003F00203022B01D1012300E00023AA
:103C3C001846BD465DF8047B704780B400AF4FF06A
:103C4C00B043D3F894304FF0B04243F00103C2F8C4
:103C5C00943000BFBD465DF8047B704780B400AF64
:103C6C004FF0B043D3F894304FF0B04223F001033F
:103C7C00C2F8943000BFBD465DF8047B704780B439
:103C8C0000AF4FF0B043D3F8943003F00203022B93
:103C9C0001D1012300E000231846BD465DF8047BEA
:103CAC00704780B400AF4FF0B043D3F894304FF06E
:103CBC00B04243F00403C2F8943000BFBD465DF837
:103CCC00047B704780B400AF4FF0B043D3F894300E
:103CDC004FF0B04223F00403C2F8943000BFBD464D
:103CEC005DF8047B704780B400AF4FF0B043D3F85D
:103CFC00943003F00803082B01D1012300E00023CA
:103D0C001846BD465DF8047B704780B483B000AFA5
:103D1C0078604FF0B043D3F8943023F470627B6832
:103D2C001B024FF0B0411343C1F8943000BF0C3765
:103D3C00BD465DF8047B704780B400AF4FF0B043D4
:103D4C001B684FF0B04243F00103136000BFBD4647
:103D5C005DF8047B704780B400AF4FF0B0431B6834
:103D6C004FF0B04223F00103136000BFBD465DF875
:103D7C00047B704780B400AF4FF0B0431B6803F076
:103D8C000203022B01D1012300E000231846BD469B
:103D9C005DF8047B704780B483B000AF78604FF05F
:103DAC00B0431B6823F0F0024FF0B0417B68134323
:103DBC000B6000BF0C37BD465DF8047B704780B4C8
:103DCC0083B000AF4FF0B0431B6803F0F0037B608F
:103DDC007B68B02B01D9B0237B607B6818460C370D
:103DEC00BD465DF8047B704780B483B000AF78604B
:103DFC004FF0B0435B6823F47F427B681B024FF0AB
:103E0C00B04113434B6000BF0C37BD465DF8047BDB
:103E1C00704780B483B000AF78604FF0B0439B68BC
:103E2C0023F003024FF0B0417B6813438B6000BF5B
:103E3C000C37BD465DF8047B704780B400AF4FF083
:103E4C00B0439B6803F00C031846BD465DF8047B39
:103E5C00704780B483B000AF78604FF0B0439B687C
:103E6C0023F0F0024FF0B0417B6813438B6000BF2E
:103E7C000C37BD465DF8047B704780B483B000AF4F
:103E8C0078604FF0B043D3F8083123F0F0024FF0D4
:103E9C00B0417B681343C1F8083100BF0C37BD46F5
:103EAC005DF8047B704780B483B000AF78604FF04E
:103EBC00B043D3F8083123F00F027B681B094FF095
:103ECC00B0411343C1F8083100BF0C37BD465DF853
:103EDC00047B704780B483B000AF78604FF0B04380
:103EEC009B6823F4E0624FF0B0417B6813438B6016
:103EFC0000BF0C37BD465DF8047B704780B483B0BF
:103F0C0000AF78604FF0B0439B6823F460524FF0E1
:103F1C00B0417B6813438B6000BF0C37BD465DF826
:103F2C00047B704780B400AF4FF0B0439B6803F044
:103F3C00F0031846BD465DF8047B704780B400AFB3
:103F4C004FF0B043D3F808311B0103F0F0031846CF
:103F5C00BD465DF8047B704780B400AF4FF0B043B2
:103F6C009B6803F4E0631846BD465DF8047B70471C
:103F7C0080B400AF4FF0B0439B6803F46053184615
:103F8C00BD465DF8047B704780B400AF4FF0B04382
:103F9C001B684FF0B04243F08073136000BFBD4606
:103FAC005DF8047B704780B400AF4FF0B0431B68E2
:103FBC004FF0B04223F08073136000BFBD465DF834
:103FCC00047B704780B400AF4FF0B0431B6803F024
:103FDC000073B3F1007F01D1012300E000231846E8
:103FEC00BD465DF8047B704780B400AF4FF0B04322
:103FFC00DB681B0A03F07F031846BD465DF8047BA3
:10400C00704780B400AF4FF0B043DB6803F06043FF
:10401C001846BD465DF8047B704780B400AF4FF086
:10402C00B043DB6803F070031846BD465DF8047BB3
:10403C00704780B400AF4FF0B043DB6803F003036C
:10404C001846BD465DF8047B704780B400AF4FF056
:10405C00B0439B6803F48033B3F5803F01D1012357
:10406C0000E000231846BD465DF8047B704780B421
:10407C0000AF4FF0B043D3F8083103F40033B3F57D
:10408C00003F01D1012300E000231846BD465DF836
:10409C00047B704780B400AF4FF0B043D3F80831C5
:1040AC0003F48033B3F5803F01D1012300E00023FA
:1040BC001846BD465DF8047B704780B400AF4FF0E6
:1040CC00B0439B6803F40033B3F5003F01D10123E7
:1040DC0000E000231846BD465DF8047B704780B4B1
:1040EC0000AF4FF0B0439B6803F48023B3F5802FEF
:1040FC0001D1012300E000231846BD465DF8047B86
:10410C007047000090B58DB000AF78607B68002BD5
:10411C0001D1012363E37B681B6803F02003002BB0
:10412C0000F08D80FFF789FEF862FFF782FFB8621E
:10413C00FB6A002B05D0FB6A0C2B47D1BB6A012B09
:10414C0044D17B68DB69002B01D1012347E37B68F9
:10415C005C6AFFF734FE03469C4214D97B685B6AA9
:10416C00184600F02FFD0346002B01D0012336E347
:10417C007B685B6A1846FFF70EFE7B681B6A184665
:10418C00FFF732FE13E07B685B6A1846FFF703FE0D
:10419C007B681B6A1846FFF727FE7B685B6A18462C
:1041AC0000F010FD0346002B01D0012317E300F0B3
:1041BC00C9FC0346A44A1360A44B1B681846FEF7BF
:1041CC006DF80346002B39D0012308E37B68DB69CB
:1041DC00002B1ED0FFF7B0FDFEF7AEF8786208E0BA
:1041EC00FEF7AAF802467B6AD31A022B01D90323E5
:1041FC00F5E2FFF7BFFD0346002BF1D07B685B6A4D
:10420C001846FFF7C8FD7B681B6A1846FFF7ECFDE4
:10421C0015E0FFF7A0FDFEF78FF8786208E0FEF7D7
:10422C008BF802467B6AD31A022B01D90323D6E200
:10423C00FFF7A0FD0346002BF1D100E000BF7B6827
:10424C001B6803F00103002B47D0FFF7F6FD386223
:10425C00FFF7EFFEF8613B6A082B05D03B6A0C2B8D
:10426C0008D1FB69032B05D17B685B68002B34D12B
:10427C000123B4E27B685B68B3F5803F02D1FFF7A2
:10428C00DDFB01E0FFF7E9FB7B685B68002B12D0DC
:10429C00FEF752F8786208E0FEF74EF802467B6AA9
:1042AC00D31A642B01D9032399E2FFF7E5FB0346EC
:1042BC00002BF1D011E0FEF73FF8786208E0FEF732
:1042CC003BF802467B6AD31A642B01D9032386E29E
:1042DC00FFF7D2FB0346002BF1D17B681B6803F080
:1042EC000203002B4CD0FFF7A8FDB861FFF7A1FE2D
:1042FC007861BB69042B05D0BB690C2B0ED17B6993
:10430C00022B0BD17B68DB68002B01D1012366E209
:10431C007B681B691846FFF7F1FB31E07B68DB68B3
:10432C00002B19D0FFF7BAFBFEF706F8786208E00D
:10433C00FEF702F802467B6AD31A022B01D903233B
:10434C004DE2FFF7C9FB0346002BF1D07B681B69DC
:10435C001846FFF7D3FB13E0FFF7AFFBFDF7ECFFBD
:10436C00786208E0FDF7E8FF02467B6AD31A022B5D
:10437C0001D9032333E2FFF7AFFB0346002BF1D146
:10438C007B681B6803F00803002B06D17B681B6855
:10439C0003F01003002B00F0A3807B685B69002BFB
:1043AC0076D07B681B6803F01003002B46D0FFF718
:1043BC0066FC0346002B13D1FFF73FFCFDF7BCFF57
:1043CC00786208E0FDF7B8FF02467B6AD31A022B2D
:1043DC0001D9032303E2FFF752FC0346002BF1D073
:1043EC00FFF75FFCFDF7A8FF786208E0FDF7A4FF7C
:1043FC0002467B6AD31A032B01D90323EFE1FFF7A3
:10440C0072FC0346002BF1D07B689B691846FFF7C2
:10441C007CFCFFF723FCFDF78FFF786208E0FDF7CB
:10442C008BFF02467B6AD31A022B01D90323D6E1F8
:10443C00FFF725FC0346002BF1D151E0FFF7FDFB04
:10444C00FDF77AFF78620CE0080000200C000020D9
:10445C00FDF772FF02467B6AD31A022B01D90323A4
:10446C00BDE1FFF70CFC0346002BF1D0FFF72AFC53
:10447C0008E0FDF761FF02467B6AD31A032B01D9D2
:10448C000323ACE1FFF72FFC0346002BF1D127E00F
:10449C00FFF718FCFDF750FF786208E0FDF74CFFC2
:1044AC0002467B6AD31A032B01D9032397E1FFF74A
:1044BC001AFC0346002BF1D1FFF7D0FBFDF73CFFB4
:1044CC00786208E0FDF738FF02467B6AD31A022BAC
:1044DC0001D9032383E1FFF7D2FB0346002BF1D173
:1044EC007B681B6803F00403002B5BD0A74B1B6895
:1044FC0003F48073002B14D1FFF770FAFDF71CFF47
:10450C00786208E0FDF718FF02467B6AD31A022B8B
:10451C0001D9032363E19D4B1B6803F48073002BCB
:10452C00F0D07B689B68012B02D1FFF730FB0CE0CD
:10453C007B689B68052B04D1FFF74BFBFFF727FB30
:10454C0003E0FFF735FBFFF755FB7B689B68002BFF
:10455C0014D0FDF7F1FE78620AE0FDF7EDFE02469D
:10456C007B6AD31A41F28832934201D9032336E194
:10457C00FFF751FB0346002BEFD013E0FDF7DCFEF9
:10458C0078620AE0FDF7D8FE02467B6AD31A41F244
:10459C008832934201D9032321E1FFF73CFB034608
:1045AC00002BEFD17B681B6803F04003002B2CD051
:1045BC007B689B6A002B14D0FFF7B5FAFDF7BCFEA5
:1045CC00786208E0FDF7B8FE02467B6AD31A022B2C
:1045DC0001D9032303E1FFF7C8FA0346002BF1D0FE
:1045EC0013E0FFF7B1FAFDF7A7FE786208E0FDF7DC
:1045FC00A3FE02467B6AD31A022B01D90323EEE0F9
:10460C00FFF7B3FA0346002BF1D17B68DB6A002B72
:10461C0000F0E480FFF711FC38614FF0B043DB6829
:10462C00FB607B68DB6A022B40F0B480FB6803F014
:10463C0003027B681B6B9A4223D1FB6803F0700268
:10464C007B685B6B9A421CD1FB681B0A03F07F02F0
:10465C007B689B6B9A4214D1FB6803F478127B68DD
:10466C00DB6B9A420DD1FB6803F060627B681B6CBC
:10467C009A4206D1FB6803F060427B685B6C9A42FD
:10468C005DD03B690C2B58D04FF0B0431B6803F046
:10469C008063002B01D00123A1E0FFF784FCFDF720
:1046AC004BFE786208E0FDF747FE02467B6AD31AA0
:1046BC00022B01D9032392E04FF0B0431B6803F0A7
:1046CC000073002BEFD14FF0B043DA68304B13403E
:1046DC007A68116B7A68526B11437A68926B12028A
:1046EC0011437A68D26B11437A68126C11437A6861
:1046FC00526C0A434FF0B0411343CB60FFF744FCBC
:10470C004FF0B043DB684FF0B04243F08053D360BE
:10471C00FDF712FE786208E0FDF70EFE02467B6A9A
:10472C00D31A022B01D9032359E04FF0B0431B6875
:10473C0003F00073002BEFD050E001234FE04FF05B
:10474C00B0431B6803F00073002B47D1FFF71CFC30
:10475C004FF0B043DB684FF0B04243F08053D3606E
:10476C00FDF7EAFD786208E0FDF7E6FD02467B6A9C
:10477C00D31A022B01D9032331E04FF0B0431B684D
:10478C0003F00073002BEFD028E000BF00040058AA
:10479C008C80C1113B690C2B1ED0FFF704FCFDF77C
:1047AC00CBFD786208E0FDF7C7FD02467B6AD31AA1
:1047BC00022B01D9032312E04FF0B0431B6803F026
:1047CC000073002BEFD14FF0B043DA684FF0B041DB
:1047DC00054B1340CB6001E0012300E00023184699
:1047EC003437BD4690BD00BFFCFFFEEE80B584B0F3
:1047FC0000AF786039607B68002B01D101232DE17B
:10480C00984B1B6803F007033A689A421BD9954BE7
:10481C001B6823F0070293493B6813430B60FDF7B9
:10482C008BFDF86008E0FDF787FD0246FB68D31AA4
:10483C00022B01D9032311E18A4B1B6803F00703F8
:10484C003A689A42EFD17B681B6803F00203002B95
:10485C0016D07B689B681846FFF7FBFAFDF76CFDDA
:10486C00F86008E0FDF768FD0246FB68D31A022BDE
:10487C0001D90323F2E0FFF7E8FB0346002BF1D04C
:10488C007B681B6803F02003002B16D07B685B69E8
:10489C001846FFF7F2FAFDF74FFDF86008E0FDF758
:1048AC004BFD0246FB68D31A022B01D90323D5E03A
:1048BC00FFF7DDFB0346002BF1D07B681B6803F090
:1048CC004003002B16D07B689B691846FFF7EBFA68
:1048DC00FDF732FDF86008E0FDF72EFD0246FB689F
:1048EC00D31A022B01D90323B8E0FFF7D3FB0346FD
:1048FC00002BF1D07B681B6803F00403002B16D04F
:10490C007B68DB681846FFF7E5FAFDF715FDF860E4
:10491C0008E0FDF711FD0246FB68D31A022B01D902
:10492C0003239BE0FFF7C9FB0346002BF1D07B6808
:10493C001B6803F00803002B17D07B681B69DB0096
:10494C001846FFF7DBFAFDF7F7FCF86008E0FDF717
:10495C00F3FC0246FB68D31A022B01D903237DE03A
:10496C00FFF7BDFB0346002BF1D07B681B6803F0FF
:10497C000103002B43D07B685B68022B06D1FFF749
:10498C007BF80346002B1ED1012367E07B685B6834
:10499C00032B06D1FFF716FB0346002B13D1012383
:1049AC005CE07B685B68002B06D1FFF7E3F90346FC
:1049BC00002B08D1012351E0FFF78EF80346002BA2
:1049CC0001D101234AE07B685B681846FFF721FAA6
:1049DC00FDF7B2FCF8600AE0FDF7AEFC0246FB689E
:1049EC00D31A41F28832934201D9032336E0FFF700
:1049FC0024FA02467B685B689B009A42ECD1194B07
:104A0C001B6803F007033A689A421BD2154B1B68CC
:104A1C0023F0070213493B6813430B60FDF78CFC32
:104A2C00F86008E0FDF788FC0246FB68D31A022BFD
:104A3C0001D9032312E00B4B1B6803F007033A6800
:104A4C009A42EFD100F07EF80346074A1360FDF757
:104A5C007FFC03461846FDF721FC03461846103729
:104A6C00BD4680BD004000580800002090B585B0C0
:104A7C0000AFFFF7E2F978607B68002B0AD1FFF7F3
:104A8C009EF903461B0903F00F032B4A52F82330FF
:104A9C00FB604BE07B68042B02D1284BFB6045E0AC
:104AAC007B68082B0AD1FEF7B7FF0346012B02D116
:104ABC00224BFB603AE0224BFB6037E0FFF7B9FA80
:104ACC0038603B68022B03D03B68032B03D00DE00E
:104ADC001A4BBB6015E0FEF79FFF0346012B02D17A
:104AEC00164BBB600DE0164BBB600AE0FFF767F995
:104AFC0003461B0903F00F030F4A52F82330BB6027
:104B0C0000BFFFF771FA0246BB6803FB02F4FFF724
:104B1C0084FA03461B090133B4FBF3F4FFF771FA73
:104B2C0003465B0F0133B4FBF3F3FB60FB681846E1
:104B3C001437BD4690BD00BF48AA00080024F400FD
:104B4C000048E80198B500AFFFF790FF0446FFF767
:104B5C00E9F903461B0903F00F03034A52F823300B
:104B6C00B4FBF3F3184698BDE8A9000898B500AF5C
:104B7C00FFF7E8FF0446FFF7EFF903461B0A03F0C3
:104B8C000703044A52F8233003F01F0324FA03F3FB
:104B9C00184698BD28AA000898B500AFFFF7D2FFB9
:104BAC000446FFF7E5F90346DB0A03F00703044A62
:104BBC0052F8233003F01F0324FA03F3184698BD70
:104BCC0028AA000890B585B000AF78607B68B02B40
:104BDC0003D9154BDB6AFB6007E07B681B0903F00C
:104BEC000F03114A52F82330FB60FFF7A7F9034675
:104BFC001B0903F00F030D4A52F82330FA68B2FB7D
:104C0C00F3F3BB60BB680A4AA2FB03239C0CFEF7C0
:104C1C00F5FE03461946204600F00CF803461846EC
:104C2C001437BD4690BD00BF48AA0008E8A900088B
:104C3C0083DE1B4390B593B000AF78603960374B7F
:104C4C0007F128040FCB84E80F00354A07F11C0349
:104C5C0007CA83E80700334B07F10C040FCB84E839
:104C6C000F0000237B643B68B3F5007F1AD100234F
:104C7C003B6413E03B6C9B0048333B4453F8203CB3
:104C8C007A689A4207D83B6C9B0048333B4453F8F4
:104C9C003C3C7B6420E03B6C01333B643B6C032B62
:104CAC00E8D919E00023FB6313E0FB6B9B0048334E
:104CBC003B4453F82C3C7A689A4207D8FB6B9B0018
:104CCC0048333B4453F83C3C7B6405E0FB6B0133BD
:104CDC00FB63FB6B022BE8D9134B1B6823F0070219
:104CEC0011497B6C13430B60FDF726FBB86308E09E
:104CFC00FDF722FB0246BB6BD31A022B01D903230F
:104D0C0007E0094B1B6803F007037A6C9A42EFD15A
:104D1C00002318464C37BD4690BD00BF48A800087C
:104D2C0058A8000864A800080040005880B400AFE0
:104D3C004FF0B043D3F8903003F00103012B01D1B5
:104D4C00012300E000231846BD465DF8047B704744
:104D5C0080B400AF4FF0B043D3F8903003F00203AF
:104D6C00022B01D1012300E000231846BD465DF85B
:104D7C00047B704780B483B000AF78604FF0B043D1
:104D8C00D3F8943023F440424FF0B0417B68134386
:104D9C00C1F8943000BF0C37BD465DF8047B7047FA
:104DAC0080B483B000AF78604FF0B0435B6A23F0FF
:104DBC0003024FF0B0417B6813434B6200BF0C37CA
:104DCC00BD465DF8047B704780B483B000AF78605B
:104DDC004FF0B0435B6A23F030024FF0B0417B6878
:104DEC0013434B6200BF0C37BD465DF8047B704724
:104DFC0080B483B000AF78604FF0B043D3F8883004
:104E0C0023F003024FF0B0417B681343C1F88830A4
:104E1C0000BF0C37BD465DF8047B704780B483B08F
:104E2C0000AF78604FF0B043D3F8883023F4406281
:104E3C004FF0B0417B681343C1F8883000BF0C378A
:104E4C00BD465DF8047B704780B483B000AF7860DA
:104E5C004FF0B043D3F888207B681B0903F47F2301
:104E6C00DB431A407B681B0103F47F234FF0B041F6
:104E7C001343C1F8883000BF0C37BD465DF8047B86
:104E8C00704780B483B000AF78604FF0B043D3F874
:104E9C0088207B681B0C1B04DB431A407B681B04BB
:104EAC004FF0B0411343C1F8883000BF0C37BD46FA
:104EBC005DF8047B704780B483B000AF78604FF02E
:104ECC00B043D3F8883023F440024FF0B0417B68F4
:104EDC001343C1F8883000BF0C37BD465DF8047B26
:104EEC00704780B483B000AF78604FF0B043D3F814
:104EFC00883023F040424FF0B0417B681343C1F837
:104F0C00883000BF0C37BD465DF8047B704780B419
:104F1C0083B000AF78604FF0B043D3F8883023F003
:104F2C0040624FF0B0417B681343C1F8883000BF3A
:104F3C000C37BD465DF8047B704780B582B000AF7E
:104F4C0078607868FFF7E3FF00BF0837BD4680BD87
:104F5C0080B483B000AF78604FF0B043D3F88830A2
:104F6C0023F040524FF0B0417B681343C1F88830B6
:104F7C0000BF0C37BD465DF8047B704780B483B02E
:104F8C0000AF78604FF0B043D3F8903023F4407208
:104F9C004FF0B0417B681343C1F8903000BF0C3721
:104FAC00BD465DF8047B704780B400AF4FF0B04352
:104FBC00D3F8903003F440731846BD465DF8047B7B
:104FCC00704780B400AF4FF0B043D3F890304FF03F
:104FDC00B04243F48033C2F8903000BFBD465DF858
:104FEC00047B704780B400AF4FF0B043D3F89030DF
:104FFC004FF0B04223F48033C2F8903000BFBD466E
:10500C005DF8047B704780B400AF4FF0B0431B6871
:10501C004FF0B04243F08063136000BFBD465DF8B3
:10502C00047B704780B400AF4FF0B0431B684FF067
:10503C00B04223F08063136000BFBD465DF8047B73
:10504C00704780B400AF4FF0B0431B6803F00063AF
:10505C00B3F1006F01D1012300E000231846BD46D7
:10506C005DF8047B704780B588B000AF7860002392
:10507C00FB770023BB777B681B6803F04003002B96
:10508C0034D07B681B6BB3F5400F21D0B3F5400FC8
:10509C001BD8B3F5000F1DD0B3F5000F15D8002B9E
:1050AC000BD0B3F5800F10D14FF0B043DB684FF04D
:1050BC00B04243F48033D3600DE07B680433184670
:1050CC0000F047F90346FB7705E00123FB7702E08C
:1050DC0000BF00E000BFFB7F002B05D17B681B6B82
:1050EC001846FFF7E8FE01E0FB7FBB777B681B6887
:1050FC0003F40063002B46D0FFF756FFB8617B68C2
:10510C001B6CBA699A423CD0FEF768FCBB69002B59
:10511C0005D17B681B6C1846FFF730FF2EE04FF073
:10512C00B043D3F890307B61FFF74BFFFFF75AFF8A
:10513C007B6923F440727B681B6C13437B614FF0DB
:10514C00B0427B69C2F89030FFF7F0FD0346012BAB
:10515C0014D1FDF7F1F838610BE0FDF7EDF80246DC
:10516C003B69D31A41F28832934202D90323FB776D
:10517C0004E0FFF7EDFD0346012BEED1FB7FBB777F
:10518C0001E0FB7FBB777B681B6803F00103002BFE
:10519C0004D07B689B691846FFF72AFE7B681B6866
:1051AC0003F00203002B04D07B68DB691846FFF781
:1051BC0035FE7B681B6803F01003002B04D07B6862
:1051CC009B6A1846FFF75DFE7B681B6803F02003A3
:1051DC00002B04D07B68DB6A1846FFF752FE7B6815
:1051EC001B6803F00403002B04D07B681B6A184671
:1051FC00FFF72AFE7B681B6803F00803002B04D022
:10520C007B685B6A1846FFF71FFE7B681B6803F41C
:10521C008073002B22D07B685B6B1846FFF78DFEEA
:10522C007B685B6BB3F1006F07D14FF0B043DB6869
:10523C004FF0B04243F08073D3607B685B6BB3F18B
:10524C00806F0BD17B680433184600F0DDF8034601
:10525C00FB77FB7F002B01D0FB7FBB777B681B6848
:10526C0003F40073002B2BD07B689B6BB3F1804F46
:10527C0008D07B689B6BB3F1004F03D07B689B6BB2
:10528C00002B05D17B689B6B1846FFF72AFE0AE0C2
:10529C007B689B6B23F08053FB600020FFF721FEA3
:1052AC00F868FFF734FE7B689B6BB3F1C05F07D1E6
:1052BC004FF0B043DB684FF0B04243F08073D360E3
:1052CC007B681B6803F48063002B22D07B68DB6B4C
:1052DC001846FFF73DFE7B68DB6BB3F1005F07D12F
:1052EC004FF0B043DB684FF0B04243F48033D360EF
:1052FC007B68DB6BB3F1805F0BD17B6804331846A2
:10530C0000F0DDF80346FB77FB7F002B01D0FB7F21
:10531C00BB777B681B6803F48053002B04D07B683D
:10532C005B6C1846FFF726FD7B681B6803F4005383
:10533C00002B09D07B68DB6C1846FFF745FD7B68BA
:10534C009B6C1846FFF72CFDBB7F18462037BD46DB
:10535C0080BD80B584B000AF78600023FB73FFF78D
:10536C0061FEFCF7E9FFB86009E0FCF7E5FF0246D7
:10537C00BB68D31A022B02D90323FB7304E0FFF79B
:10538C0060FE0346002BF0D1FB7B002B37D14FF096
:10539C00B0431B6923F4FE427B681B681B024FF071
:1053AC00B04113430B614FF0B0431B6923F47812E7
:1053BC007B685B684FF0B04113430B61FFF723FE32
:1053CC00FCF7BAFFB86009E0FCF7B6FF0246BB6811
:1053DC00D31A022B02D90323FB7304E0FFF731FE2F
:1053EC000346012BF0D1FB7B002B08D14FF0B043CF
:1053FC001A697B681B694FF0B04113430B61FB7B4F
:10540C0018461037BD4680BD80B584B000AF7860BB
:10541C000023FB73FFF706FEFCF78EFFB86009E074
:10542C00FCF78AFF0246BB68D31A022B02D903236E
:10543C00FB7304E0FFF705FE0346002BF0D1FB7B6A
:10544C00002B37D14FF0B0431B6923F4FE427B682D
:10545C001B681B024FF0B04113430B614FF0B0437C
:10546C001B6923F060627B689B684FF0B04113436B
:10547C000B61FFF7C8FDFCF75FFFB86009E0FCF7B4
:10548C005BFF0246BB68D31A022B02D90323FB73C2
:10549C0004E0FFF7D6FD0346012BF0D1FB7B002B7C
:1054AC0008D14FF0B0431A697B681B694FF0B041CB
:1054BC0013430B61FB7B18461037BD4680BD80B58E
:1054CC0084B000AF78600023FB73FFF7ABFDFCF7F3
:1054DC0033FFB86009E0FCF72FFF0246BB68D31A14
:1054EC00022B02D90323FB7304E0FFF7AAFD03464A
:1054FC00002BF0D1FB7B002B37D14FF0B0431B6955
:10550C0023F4FE427B681B681B024FF0B04113432F
:10551C000B614FF0B0431B6923F060427B68DB6882
:10552C004FF0B04113430B61FFF76DFDFCF704FF27
:10553C00B86009E0FCF700FF0246BB68D31A022BE7
:10554C0002D90323FB7304E0FFF77BFD0346012B19
:10555C00F0D1FB7B002B08D14FF0B0431A697B686C
:10556C001B694FF0B04113430B61FB7B184610379E
:10557C00BD4680BD80B584B000AF78607B68002BE1
:10558C0001D101239FE07B6893F82130DBB2002B23
:10559C0006D17B68002283F820207868FCF72AFD6E
:1055AC007B68022283F82120494BDB6803F010034F
:1055BC00102B7ED07B681B68CA225A627B681B68E2
:1055CC0053225A62786800F0ABF80346002B0AD0DD
:1055DC007B681B68FF225A627B68042283F82120B7
:1055EC000123FB7367E07B681B689B687A68126811
:1055FC0023F4E00323F0400393607B681B689968F5
:10560C007B685A687B681B691A437B689B691A43E1
:10561C007B681B680A439A607B681B687A68D2684F
:10562C001A617B681B6819697B689B681A047B6824
:10563C001B680A431A617B681B68DA687B681B6805
:10564C0022F08002DA607B681B68DA6C7B681B686E
:10565C0022F00302DA647B681B68D96C7B68DA6918
:10566C007B685B691A437B681B680A43DA647B6856
:10567C001B689B6803F02003002B13D1786800F0A3
:10568C0029F80346002B0DD07B681B68FF225A6259
:10569C007B68042283F821207B68002283F8202079
:1056AC00012310E07B681B68FF225A620023FB7306
:1056BC0001E00023FB73FB7B002B03D17B680122F1
:1056CC0083F82120FB7B18461037BD4680BD00BFF8
:1056DC000028004080B584B000AF78607B681B6800
:1056EC00DA687B681B6822F0A002DA60FCF724FE03
:1056FC00F86009E0FCF720FE0246FB68D31AB3F50C
:10570C007A7F01D9032307E07B681B68DB6803F011
:10571C002003002BEED0002318461037BD4680BD69
:10572C0080B584B000AF78607B681B68DB6803F0E1
:10573C004003002B19D17B681B684FF0FF32DA60F5
:10574C00FCF7FAFDF86009E0FCF7F6FD0246FB6891
:10575C00D31AB3F57A7F01D9032307E07B681B6862
:10576C00DB6803F04003002BEED000231846103703
:10577C00BD4680BD80B584B000AF78607B68002BDF
:10578C0001D1012395E07B685B6A002B08D17B6813
:10579C005B68B3F5827F09D07B680022DA6105E093
:1057AC007B6800221A617B6800225A617B680022A8
:1057BC009A627B6893F85D30DBB2002B06D17B6874
:1057CC00002283F85C207868FCF740FC7B6802229E
:1057DC0083F85D207B681B681A687B681B6822F065
:1057EC0040021A607B68DB68B3F5E06F02D90023D6
:1057FC00FB6002E04FF48053FB607B68DB68B3F521
:10580C00706F07D07B68DB68B3F5E06F02D07B6804
:10581C0000229A627B685B6803F482727B689B68E7
:10582C0003F404431A437B681B6903F002031A4315
:10583C007B685B6903F001031A437B689B6903F483
:10584C0000731A437B68DB6903F038031A437B68E7
:10585C001B6A03F0800342EA03017B689B6A03F432
:10586C0000527B681B680A431A607B689B691B0C9F
:10587C0003F004027B685B6A03F010031A437B6835
:10588C005B6B03F008031A437B68DB6803F47063FB
:10589C0042EA0301FB6803F480527B681B680A43ED
:1058AC005A607B6800221A667B68012283F85D20AF
:1058BC00002318461037BD4680BD80B588B000AFB8
:1058CC00F860B9603B601346FB800023FB77FB68F4
:1058DC0093F85C30012B01D1022358E1FB680122C3
:1058EC0083F85C20FCF728FDB861FB88FB82FB6821
:1058FC0093F85D30DBB2012B02D00223FB773DE144
:10590C00BB68002B02D0FB88002B02D10123FB7754
:10591C0034E1FB68032283F85D20FB6800221A66E1
:10592C00FB68BA689A63FB68FA889A87FB68FA88FE
:10593C00DA87FB6800221A64FB680022A3F8442073
:10594C00FB680022A3F84620FB6800221A65FB685E
:10595C000022DA64FB689B68B3F5004F0FD1FB683B
:10596C001B681A68FB681B6822F040021A60FB680F
:10597C001B681A68FB681B6842F480421A60FB685B
:10598C001B681B6803F04003402B07D0FB681B68A7
:10599C001A68FB681B6842F040021A60FB68DB68FF
:1059AC00B3F5E06F4BD9FB685B68002B02D0FB8A28
:1059BC00012B3ED1FB689B6B1A88FB681B68DA6075
:1059CC00FB689B6B9A1CFB689A63FB68DB8F9BB232
:1059DC00013B9AB2FB68DA872BE0FB681B689B687B
:1059EC0003F00203022B12D1FB689B6B1A88FB6835
:1059FC001B68DA60FB689B6B9A1CFB689A63FB68FC
:105A0C00DB8F9BB2013B9AB2FB68DA8711E0FCF7A3
:105A1C0093FC0246BB69D31A3A689A4203D83B6896
:105A2C00B3F1FF3F02D13B68002B02D10323FB777C
:105A3C00A4E0FB68DB8F9BB2002BCED17CE0FB6833
:105A4C005B68002B02D0FB8A012B70D1FB68DB8FCB
:105A5C009BB2012B12D9FB689B6B1A88FB681B68E5
:105A6C00DA60FB689B6B9A1CFB689A63FB68DB8FA4
:105A7C009BB2023B9AB2FB68DA8758E0FB689A6BE0
:105A8C00FB681B680C3312781A70FB689B6B5A1CF2
:105A9C00FB689A63FB68DB8F9BB2013B9AB2FB6895
:105AAC00DA8744E0FB681B689B6803F00203022B57
:105ABC002BD1FB68DB8F9BB2012B12D9FB689B6B44
:105ACC001A88FB681B68DA60FB689B6B9A1CFB6886
:105ADC009A63FB68DB8F9BB2023B9AB2FB68DA8756
:105AEC0025E0FB689A6BFB681B680C3312781A7004
:105AFC00FB689B6B5A1CFB689A63FB68DB8F9BB241
:105B0C00013B9AB2FB68DA8711E0FCF715FC024600
:105B1C00BB69D31A3A689A4203D83B68B3F1FF3F8A
:105B2C0002D13B68002B02D10323FB7726E0FB68F4
:105B3C00DB8F9BB2002BB5D1BA693968F86800F0DD
:105B4C005BFB0346002B02D0FB6820221A66FB6825
:105B5C009B68002B0AD100233B61FB681B68DB6848
:105B6C003B61FB681B689B683B613B69FB681B6E78
:105B7C00002B02D00123FB7700E000BFFB68012261
:105B8C0083F85D20FB68002283F85C20FB7F1846BD
:105B9C002037BD4680BD80B58AB000AFF860B960D3
:105BAC007A607B8001237B62002387F82330FB68BB
:105BBC0093F85C30012B01D10223FBE1FB6801223D
:105BCC0083F85C20FCF7B8FBF861FB6893F85D3058
:105BDC00FB76FB685B687B617B887B827B883B8286
:105BEC00FB7E012B0ED07B69B3F5827F06D1FB685F
:105BFC009B68002B02D1FB7E042B03D0022387F879
:105C0C002330CDE1BB68002B05D07B68002B02D084
:105C1C007B88002B03D1012387F82330C0E1FB687C
:105C2C0093F85D30DBB2042B03D0FB68052283F8BC
:105C3C005D20FB6800221A66FB687A681A64FB68B0
:105C4C007A88A3F84620FB687A88A3F84420FB687E
:105C5C00BA689A63FB687A88DA87FB687A889A87CD
:105C6C00FB680022DA64FB6800221A65FB68DB68BB
:105C7C00B3F5E06F02D83B8A012B08D9FB681B688F
:105C8C005A68FB681B6822F480525A6007E0FB6874
:105C9C001B685A68FB681B6842F480525A60FB68A8
:105CAC001B681B6803F04003402B07D0FB681B6884
:105CBC001A68FB681B6842F040021A60FB68DB68DC
:105CCC00B3F5E06F7CD9FB685B68002B02D07B8A54
:105CDC00012B69D1FB689B6B1A88FB681B68DA6027
:105CEC00FB689B6B9A1CFB689A63FB68DB8F9BB20F
:105CFC00013B9AB2FB68DA8756E0FB681B689B682D
:105D0C0003F00203022B1BD1FB68DB8F9BB2002B31
:105D1C0016D07B6A012B13D1FB689B6B1A88FB682E
:105D2C001B68DA60FB689B6B9A1CFB689A63FB68C8
:105D3C00DB8F9BB2013B9AB2FB68DA8700237B6254
:105D4C00FB681B689B6803F00103012B1CD1FB68EB
:105D5C00B3F846309BB2002B16D0FB681B68DA6890
:105D6C00FB681B6C92B21A80FB681B6C9A1CFB685C
:105D7C001A64FB68B3F846309BB2013B9AB2FB68DD
:105D8C00A3F8462001237B62FCF7D6FA0246FB6996
:105D9C00D31A3A6B9A4207D83B6BB3F1FF3F03D04F
:105DAC00032387F82330FBE0FB68DB8F9BB2002BCF
:105DBC00A3D1FB68B3F846309BB2002B9DD1DFE03A
:105DCC00FB685B68002B03D07B8A012B40F0CB80F7
:105DDC00FB68DB8F9BB2012B12D9FB689B6B1A887B
:105DEC00FB681B68DA60FB689B6B9A1CFB689A6308
:105DFC00FB68DB8F9BB2023B9AB2FB68DA87B2E09E
:105E0C00FB689A6BFB681B680C3312781A70FB6882
:105E1C009B6B5A1CFB689A63FB68DB8F9BB2013B44
:105E2C009AB2FB68DA879EE0FB681B689B6803F0FC
:105E3C000203022B34D1FB68DB8F9BB2002B2FD0DB
:105E4C007B6A012B2CD1FB68DB8F9BB2012B12D907
:105E5C00FB689B6B1A88FB681B68DA60FB689B6BA2
:105E6C009A1CFB689A63FB68DB8F9BB2023B9AB26D
:105E7C00FB68DA8712E0FB689A6BFB681B680C33D3
:105E8C0012781A70FB689B6B5A1CFB689A63FB6850
:105E9C00DB8F9BB2013B9AB2FB68DA8700237B62F3
:105EAC00FB681B689B6803F00103012B48D1FB685E
:105EBC00B3F846309BB2002B42D0FB68B3F84630A7
:105ECC009BB2012B23D9FB681B68DA68FB681B6C3F
:105EDC0092B21A80FB681B6C9A1CFB681A64FB68F4
:105EEC00B3F846309BB2023B9AB2FB68A3F846204B
:105EFC00FB68B3F846309BB2012B1FD8FB681B68BC
:105F0C005A68FB681B6842F480525A6016E0FB68C2
:105F1C001B6803F10C02FB681B6C1278D2B21A706E
:105F2C00FB681B6C5A1CFB681A64FB68B3F84630A0
:105F3C009BB2013B9AB2FB68A3F8462001237B621B
:105F4C00FCF7FAF90246FB69D31A3A6B9A4203D86A
:105F5C003B6BB3F1FF3F02D13B6B002B03D103230F
:105F6C0087F823301CE0FB68DB8F9BB2002B7FF49F
:105F7C005BAFFB68B3F846309BB2002B7FF454AF99
:105F8C00FA69396BF86800F037F90346002B06D034
:105F9C00012387F82330FB6820221A6600E000BF3B
:105FAC00FB68012283F85D20FB68002283F85C20EB
:105FBC0097F8233018462837BD4680BD80B588B089
:105FCC0000AFF860B9603B601346FB71FCF7B4F9A5
:105FDC000246BB6A9B1A3A681344FB61FCF7ACF9A6
:105FEC00B861394B1B685B011B0DFA6902FB03F3AB
:105FFC007B6154E03B68B3F1FF3F50D0FCF79CF958
:10600C000246BB69D31AFA699A4202D9FB69002B82
:10601C003DD1FB681B685A68FB681B6822F0E002E4
:10602C005A60FB685B68B3F5827F11D1FB689B6893
:10603C00B3F5004F04D0FB689B68B3F5806F07D1B4
:10604C00FB681B681A68FB681B6822F040021A6028
:10605C00FB689B6AB3F5005F0FD1FB681B681A687D
:10606C00FB681B6822F400521A60FB681B681A68F4
:10607C00FB681B6842F400521A60FB68012283F82B
:10608C005D20FB68002283F85C20032317E07B690A
:10609C00002B01D10023FB617B69013B7B61FB6819
:1060AC001B689A68BB681340BA689A420CBF0123FC
:1060BC000023DBB21A46FB799A429BD10023184687
:1060CC002037BD4680BD00BF0800002080B58AB0D7
:1060DC0000AFF860B9607A603B600023FB75FCF799
:1060EC002BF902463B6B9B1A3A6813447B62FCF714
:1060FC0023F93862FB681B680C33FB613D4B1A6853
:10610C0013469B001344DA00D31A1B0D7A6A02FB68
:10611C0003F3BB6160E0BB68B3F5C06F07D17B686C
:10612C00002B04D1FB691B78DBB2FB75FB7D3B6854
:10613C00B3F1FF3F50D0FCF7FFF802463B6AD31A8D
:10614C007A6A9A4202D97B6A002B3DD1FB681B68A4
:10615C005A68FB681B6822F0E0025A60FB685B68B7
:10616C00B3F5827F11D1FB689B68B3F5004F04D067
:10617C00FB689B68B3F5806F07D1FB681B681A68D6
:10618C00FB681B6822F040021A60FB689B6AB3F53F
:10619C00005F0FD1FB681B681A68FB681B6822F450
:1061AC0000521A60FB681B681A68FB681B6842F493
:1061BC0000521A60FB68012283F85D20FB68002204
:1061CC0083F85C20032310E0BB69002B01D1002372
:1061DC007B62BB69013BBB61FB681B689A68BB684F
:1061EC0013407A689A4296D1002318462837BD4648
:1061FC0080BD00BF0800002080B586B002AFF860FB
:10620C00B9607A607B680093BB6800224FF4C05180
:10621C00F868FFF75BFF0346002B07D0FB681B6E8B
:10622C0043F02002FB681A66032327E07B68009387
:10623C00BB6800228021F868FFF7C0FE0346002BE4
:10624C0007D0FB681B6E43F02002FB681A66032321
:10625C0014E07B680093BB6800224FF4C061F868BF
:10626C00FFF734FF0346002B07D0FB681B6E43F08F
:10627C002002FB681A66032300E00023184610373F
:10628C00BD4680BD80B483B000AF78604FF0B043A2
:10629C00D3F888207B68134018460C37BD465DF850
:1062AC00047B704780B483B000AF78604FF0B0438C
:1062BC00D3F888207B68134018460C37BD465DF830
:1062CC00047B704780B582B000AF78607B68002B90
:1062DC0001D1012342E07B68D3F88830002B06D132
:1062EC007B68002283F88420786800F03BF87B6898
:1062FC002422C3F888207B681B681A687B681B689B
:10630C0022F001021A60786800F036F80346012B7F
:10631C0001D1012322E07B689B6A002B02D07868B4
:10632C0000F052FA7B681B685A687B681B6822F481
:10633C0090425A607B681B689A687B681B6822F0E5
:10634C002A029A607B681B681A687B681B6842F09B
:10635C0001021A60786800F0D9FA0346184608372B
:10636C00BD4680BD80B483B000AF786000BF0C37F1
:10637C00BD465DF8047B70472DE9B04F8CB000AF83
:10638C007861002387F82A307B699A687B691B69DE
:10639C001A437B695B691A437B69DB691343FB62B4
:1063AC007B691B681A68AF4B13407A691268F96AEB
:1063BC000B4313607B691B685B6823F440517B695A
:1063CC00DA687B691B680A435A607B699B69FB62CC
:1063DC007B691B68A44A934204D07B691B6AFA6AE6
:1063EC001343FB627B691B689B6823F06E4323F4A9
:1063FC0030637A691268F96A0B4393607B691B6896
:10640C00DB6A23F00F017B695A6A7B691B680A43BC
:10641C00DA627B691B68954A934225D10320FFF70A
:10642C0031FF0346032B1BD801A252F823F000BF07
:10643C004D6400085D64000855640008656400083C
:10644C00012387F82B3042E0022387F82B303EE003
:10645C00042387F82B303AE0082387F82B3036E0FA
:10646C00102387F82B3032E07B691B687E4A9342FD
:10647C002AD14FF44060FFF715FF0346B3F5406F88
:10648C001AD0B3F5406F1BD8B3F5006F0CD0B3F531
:10649C00006F15D8002B03D0B3F5806F08D00FE038
:1064AC00002387F82B3012E0022387F82B300EE004
:1064BC00042387F82B300AE0082387F82B3006E0FA
:1064CC00102387F82B3002E0102387F82B307B69E0
:1064DC001B68654A934240F0978097F82B30082B45
:1064EC0023D801A252F823F019650008376500087B
:1064FC002165000837650008276500083765000826
:10650C0037650008376500082F650008FEF72EFB7D
:10651C00786210E0564B7B620DE0FEF7A7FA7862CA
:10652C0009E04FF400437B6205E000237B6201230A
:10653C0087F82A3000BF7B6A002B00F02B817B6927
:10654C005B6A4C4A32F813301A467B6AB3FBF2F39F
:10655C00BB617B695A6813465B001344BA699A4263
:10656C0005D37B695B681B03BA699A4203D9012383
:10657C0087F82A300EE17B6A0022BB60FA607B69E7
:10658C005B6A3C4A32F813309BB200223B607A6063
:10659C00D7E90023D7E90201F9F7F2FD02460B46D1
:1065AC00104619464FF000024FF000030B0243EA6D
:1065BC001063020279694968490800200C460546B7
:1065CC0012EB040843EB05097B695B6800229A46D1
:1065DC00934652465B4640464946F9F7D1FD024682
:1065EC000B4613463B623B6AB3F5407F08D33B6ACC
:1065FC00B3F5801F04D27B691B683A6ADA60C9E084
:10660C00012387F82A30C5E07B69DB69B3F5004FBD
:10661C006DD197F82B30013B072B2DD801A252F8E6
:10662C0023F000BF51660008596600088566000813
:10663C005F660008856600088566000885660008A8
:10664C0067660008FEF7A8FA78621BE0084B7B62CD
:10665C0018E0FEF70BFA786214E04FF400437B620B
:10666C0010E000BFF369FFCF00800040003801400C
:10667C000024F40088AA000800237B62012387F819
:10668C002A3000BF7B6A002B00F084807B695B6A38
:10669C004B4A32F813301A467B6AB3FBF2F35A00BA
:1066AC007B695B685B081A447B695B68B2FBF3F33C
:1066BC003B623B6A0F2B16D93B6AB3F5803F12D273
:1066CC003B6A9BB223F00F03FB833B6A5B089BB2D4
:1066DC0003F007039AB2FB8B1343FB837B691B68A4
:1066EC00FA8BDA6056E0012387F82A3052E097F8EB
:1066FC002B30013B072B22D801A252F823F000BF0C
:10670C002D670008356700084B6700083B670008D9
:10671C004B6700084B6700084B670008436700088D
:10672C00FEF73AFA786210E0264B7B620DE0FEF73A
:10673C009DF9786209E04FF400437B6205E0002389
:10674C007B62012387F82A3000BF7B6A002B21D0A3
:10675C007B695B6A1A4A32F813301A467B6AB3FBC0
:10676C00F2F27B695B685B081A447B695B68B2FB7D
:10677C00F3F33B623B6A0F2B09D93B6AB3F5803FBD
:10678C0005D23B6A9AB27B691B68DA6002E001238E
:10679C0087F82A307B690122A3F86A207B690122E1
:1067AC00A3F868207B6900225A677B6900229A67EC
:1067BC0097F82A3018463037BD46BDE8B08F00BF79
:1067CC0088AA00080024F40080B483B000AF78607D
:1067DC007B689B6A03F00103002B0AD07B681B6863
:1067EC005B6823F400317B68DA6A7B681B680A43B8
:1067FC005A607B689B6A03F00203002B0AD07B680B
:10680C001B685B6823F480317B681A6B7B681B68A0
:10681C000A435A607B689B6A03F00403002B0AD07E
:10682C007B681B685B6823F480217B685A6B7B68F0
:10683C001B680A435A607B689B6A03F00803002BB1
:10684C000AD07B681B685B6823F400417B689A6BF9
:10685C007B681B680A435A607B689B6A03F01003D1
:10686C00002B0AD07B681B689B6823F480517B68E3
:10687C00DA6B7B681B680A439A607B689B6A03F03F
:10688C002003002B0AD07B681B689B6823F4005103
:10689C007B681A6C7B681B680A439A607B689B6AEE
:1068AC0003F04003002B1AD07B681B685B6823F451
:1068BC0080117B685A6C7B681B680A435A607B6842
:1068CC005B6CB3F5801F0AD17B681B685B6823F493
:1068DC00C0017B689A6C7B681B680A435A607B68B2
:1068EC009B6A03F08003002B0AD07B681B685B68F3
:1068FC0023F400217B68DA6C7B681B680A435A60BE
:10690C0000BF0C37BD465DF8047B704780B598B06E
:10691C0002AF78607B680022C3F89020FBF70CFD77
:10692C0078657B681B681B6803F00803082B2FD164
:10693C006FF07E4300937B6D00224FF4001178685A
:10694C0000F08EF80346002B22D07B681B68BB63DB
:10695C00BB6B53E8003F7B637B6B23F080033B6591
:10696C007B681B681A463B6D7B643A64396C7A6CA5
:10697C0041E80023FB63FB6B002BE6D17B682022F4
:10698C00C3F888207B68002283F88420032363E00B
:10699C007B681B681B6803F00403042B49D16FF060
:1069AC007E4300937B6D00224FF48001786800F0E9
:1069BC0057F80346002B3CD07B681B687B627B6AD4
:1069CC0053E8003F3B623B6A23F49073FB647B68A3
:1069DC001B681A46FB6C3B63FA62F96A3A6B41E836
:1069EC000023BB62BB6A002BE6D17B681B680833B3
:1069FC003B613B6953E8003FFB60FB6823F00103FC
:106A0C00BB647B681B680833BA6CFA61BB61B969FB
:106A1C00FA6941E800237B617B69002BE5D17B6837
:106A2C002022C3F88C207B68002283F88420032367
:106A3C0012E07B682022C3F888207B682022C3F8F0
:106A4C008C207B680022DA667B6800221A677B68E0
:106A5C00002283F88420002318465837BD4680BD99
:106A6C0080B584B000AFF860B9603B601346FB7131
:106A7C0049E0BB69B3F1FF3F45D0FBF75DFC024633
:106A8C003B68D31ABA699A4202D3BB69002B01D175
:106A9C00032348E0FB681B681B6803F00403002B0E
:106AAC0031D0FB681B68DB6903F00803082B10D19D
:106ABC00FB681B6808221A62F86800F038F8FB685B
:106ACC000822C3F89020FB68002283F8842001235D
:106ADC0029E0FB681B68DB6903F40063B3F5006F06
:106AEC0011D1FB681B684FF400621A62F86800F061
:106AFC001EF8FB682022C3F89020FB68002283F864
:106B0C00842003230FE0FB681B68DA69BB68134021
:106B1C00BA689A420CBF01230023DBB21A46FB79F8
:106B2C009A42A6D0002318461037BD4680BD80B4CB
:106B3C0095B000AF78607B681B687B637B6B53E818
:106B4C00003F3B633B6B23F49073FB647B681B68D7
:106B5C001A46FB6C3B64FA63F96B3A6C41E8002310
:106B6C00BB63BB6B002BE6D17B681B6808333B62B5
:106B7C003B6A53E8003FFB61FB6923F0805323F031
:106B8C000103BB647B681B680833BA6CFA62BB6296
:106B9C00B96AFA6A41E800237B627B6A002BE3D175
:106BAC007B68DB6E012B18D17B681B68FB60FB6874
:106BBC0053E8003FBB60BB6823F010037B647B6829
:106BCC001B681A467B6CBB617A617969BA6941E8CA
:106BDC0000233B613B69002BE6D17B682022C3F884
:106BEC008C207B680022DA667B6800225A6700BF23
:106BFC005437BD465DF8047B704780B485B000AF58
:106C0C0078607B6893F88430012B01D1022327E054
:106C1C007B68012283F884207B682422C3F88820B7
:106C2C007B681B681B68FB607B681B681A687B6849
:106C3C001B6822F001021A60FB6823F00053FB6012
:106C4C007B6800225A667B681B68FA681A607B684E
:106C5C002022C3F888207B68002283F8842000233C
:106C6C0018461437BD465DF8047B704780B584B078
:106C7C0000AF786039607B6893F88430012B01D1C8
:106C8C0002232DE07B68012283F884207B68242278
:106C9C00C3F888207B681B681B68FB607B681B68DB
:106CAC001A687B681B6822F001021A607B681B68FB
:106CBC009B6823F060417B681B683A680A439A60C2
:106CCC00786800F04FF87B681B68FA681A607B687C
:106CDC002022C3F888207B68002283F884200023BC
:106CEC0018461037BD4680BD80B584B000AF7860C3
:106CFC0039607B6893F88430012B01D102232DE09D
:106D0C007B68012283F884207B682422C3F88820C6
:106D1C007B681B681B68FB607B681B681A687B6858
:106D2C001B6822F001021A607B681B689B6823F0C9
:106D3C0060617B681B683A680A439A60786800F067
:106D4C0011F87B681B68FA681A607B682022C3F80C
:106D5C0088207B68002283F8842000231846103793
:106D6C00BD4680BD80B485B000AF78607B685B6E3B
:106D7C00002B08D17B680122A3F86A207B680122D2
:106D8C00A3F8682031E00823FB730823BB737B68EE
:106D9C001B689B685B0EDBB203F007037B737B689D
:106DAC001B689B685B0FDBB203F007033B73BB7B79
:106DBC003A7B11498A5C02FB03F33A7B0F498A5CEC
:106DCC0093FBF2F39AB27B68A3F86A20FB7B7A7B85
:106DDC0009498A5C02FB03F37A7B08498A5C93FBC2
:106DEC00F2F39AB27B68A3F8682000BF1437BD4653
:106DFC005DF8047B704700BFA0AA0008A8AA000891
:106E0C0080B588B000AF0023FB7107F1080318228E
:106E1C000021184601F088F83F233B8181237B81B8
:106E2C00FB1DBB610123FB6107F108030021184620
:106E3C0001F02AFC0346002B01DAFF2300E0FB796A
:106E4C0018462037BD4680BDB0B5CEB000AF054664
:106E5C000C461046194607F59C73A3F231132A46CB
:106E6C001A7007F59C73A3F59A7322461A8007F5DE
:106E7C009C73A3F59B7302461A8007F59C73A3F5CC
:106E8C0099730A461A7007F11003C7F8343197F852
:106E9C004C31083307F110021344C7F8303197F81E
:106EAC004C2197F854311344093307F11002134461
:106EBC00C7F82C3107F59C73A3F2291300221A7022
:106ECC000023C7F82831D7F8343107F59C72A2F2A9
:106EDC00311212781A70D7F828310133C7F82831DB
:106EEC00D7F8343107F59C72A2F59A721288A3F880
:106EFC000120D7F828310233C7F82831D7F83431BC
:106F0C0007F59C72A2F59B721288A3F80320D7F8A0
:106F1C0028310233C7F82831D7F8343107F59C7281
:106F2C00A2F5997212785A71D7F828310133C7F843
:106F3C002831D7F8343197F848219A71D7F828318D
:106F4C000133C7F82831D7F8343197F84C21DA716E
:106F5C00D7F828310133C7F82831D7F83431083342
:106F6C0097F84C21D7F85011184600F0CDFF97F840
:106F7C004C31D7F828211344C7F82831D7F83031D1
:106F8C0097F854211A70D7F828310133C7F82831F3
:106F9C00D7F83031013397F85421D7F858111846E7
:106FAC0000F0B2FF97F85431D7F828211344C7F8F2
:106FBC002831D7F82C31B7F85C211A80D7F8283152
:106FCC000233C7F82831D7F82C31B7F860215A8032
:106FDC00D7F828310233C7F8283107F588731822FF
:106FEC000021184600F0A0FF3F23A7F8103183239F
:106FFC00A7F8123107F11003C7F81831D7F8283168
:10700C00C7F81C3107F10F03C7F820310123C7F86B
:10701C00243107F588730021184601F035FB03462F
:10702C00002B01DAFF2304E007F59C73A3F229136C
:10703C001B78184607F59C77BD46B0BD80B5CCB023
:10704C0000AF024607F59873A3F229131A7007F1E3
:10705C001003C7F82C3107F59873A3F22113002203
:10706C001A700023C7F82831D7F82C3107F598721D
:10707C00A2F2291212781A70D7F828310133C7F806
:10708C00283107F5887318220021184600F04CFFB0
:10709C003F23A7F810318523A7F8123107F110030D
:1070AC00C7F81831D7F82831C7F81C3107F10F038E
:1070BC00C7F820310123C7F8243107F58873002164
:1070CC00184601F0E1FA0346002B01DAFF2304E035
:1070DC0007F59873A3F221131B78184607F59877D8
:1070EC00BD4680BDB0B5CCB000AF05460C461046D1
:1070FC00194607F59873A3F229132A461A7007F557
:10710C009873A3F5957322461A7007F59873A3F23A
:10711C002B1302461A7007F59873A3F596730A465B
:10712C001A7007F11003C7F82C3107F59873A3F206
:10713C00211300221A700023C7F82831D7F82C31FC
:10714C0007F59872A2F2291212781A70D7F8283122
:10715C000133C7F82831D7F82C3107F59872A2F50E
:10716C00957212785A70D7F828310133C7F8283144
:10717C00D7F82C3107F59872A2F22B1212789A706C
:10718C00D7F828310133C7F82831D7F82C3107F557
:10719C009872A2F596721278DA70D7F8283101330A
:1071AC00C7F82831D7F82C3197F840211A71D7F845
:1071BC0028310133C7F82831D7F82C3197F84421FE
:1071CC005A71D7F828310133C7F82831D7F82C3148
:1071DC0097F848219A71D7F828310133C7F828312C
:1071EC00D7F82C31D7F84C21C3F80720D7F8283121
:1071FC000433C7F82831D7F82C3197F85021DA72BC
:10720C00D7F828310133C7F8283107F588731822CD
:10721C000021184600F088FE3F23A7F81031862382
:10722C00A7F8123107F11003C7F81831D7F8283135
:10723C00C7F81C3107F10F03C7F820310123C7F839
:10724C00243107F588730021184601F01DFA034616
:10725C00002B01DAFF2304E007F59873A3F2211346
:10726C001B78184607F59877BD46B0BD90B5CDB0E4
:10727C0000AF04460846114607F59872A2F59872BD
:10728C00136007F59873A3F2291322461A7007F5B9
:10729C009873A3F5957302461A7007F59873A3F2C9
:1072AC002B130A461A7007F11003C7F82C3107F19B
:1072BC00080307220021184600F036FE0023C7F809
:1072CC002831D7F82C3107F59872A2F229121278CE
:1072DC001A70D7F828310133C7F82831D7F82C3178
:1072EC0007F59872A2F5957212785A70D7F8283172
:1072FC000133C7F82831D7F82C3107F59872A2F270
:10730C002B1212789A70D7F828310133C7F828312C
:10731C0007F5887318220021184600F005FE3F235C
:10732C00A7F810318A23A7F8123107F11003C7F818
:10733C001831D7F82831C7F81C3107F10803C7F802
:10734C0020310723C7F8243107F58873002118462C
:10735C0001F09AF90346002B01DAFF232EE007F522
:10736C009873A3F594731B78002B05D007F59873CD
:10737C00A3F594731B7821E007F59873A3F5947328
:10738C00B3F801309AB207F59873A3F598731B689C
:10739C001A8007F59873A3F59473B3F803309AB277
:1073AC00D7F840311A8007F59873A3F59473B3F8A6
:1073BC0005309AB2D7F844311A800023184607F5E5
:1073CC009A77BD4690BD80B5CCB000AF024607F5AC
:1073DC009873A3F59873196007F59873A3F22913A2
:1073EC001A7007F11003C7F82C3107F59873A3F244
:1073FC00211300221A700023C7F82831D7F82C313A
:10740C0007F59872A2F2291212781A70D7F828315F
:10741C000133C7F82831D7F82C31581C07F598736D
:10742C00A3F229131A7807F59873A3F598731968C2
:10743C0000F06AFD07F59873A3F229131B78D7F8AF
:10744C0028211344C7F8283107F588731822002126
:10745C00184600F069FD3F23A7F810318E23A7F8DA
:10746C00123107F11003C7F81831D7F82831C7F8D3
:10747C001C3107F10F03C7F820310123C7F8243161
:10748C0007F588730021184601F0FEF80346002B1F
:10749C0001DAFF2304E007F59873A3F221131B789C
:1074AC00184607F59877BD4680BD80B588B000AF0B
:1074BC000023FB7107F1080318220021184600F085
:1074CC0033FD3F233B8192237B81FB1DBB61012359
:1074DC00FB6107F108030021184601F0D5F80346BB
:1074EC00002B01DAFF2300E0FB7918462037BD465C
:1074FC0080BD80B588B000AF0023FB7107F1080395
:10750C0018220021184600F00FFD3F233B8140F26A
:10751C0001137B81FB1DBB610123FB6107F1080398
:10752C000021184601F0B0F80346002B01DAFF23C6
:10753C0000E0FB7918462037BD4680BD90B5CFB032
:10754C0000AF044607F59C70A0F59C7001601046D6
:10755C00194607F59C73A3F2311322461A7007F5EE
:10756C009C73A3F5997302461A7007F59C73A3F2EA
:10757C0033130A461A7007F11003C7F8303107F5B8
:10758C009C73A3F231131B78012B0AD007F59C7363
:10759C00A3F231131B78022B01D1112302E001233A
:1075AC0000E0032307F110021344C7F82C3107F154
:1075BC000C0303220021184600F0B6FC0023C7F888
:1075CC002831D7F8303107F59C72A2F231121278BB
:1075DC001A70D7F828310133C7F8283107F59C7396
:1075EC00A3F231131B78012B02D0022B04D007E03D
:1075FC00022387F8373105E0102387F8373101E093
:10760C0097236CE0D7F83031581C97F8372107F5E1
:10761C009C73A3F59C73196800F076FC97F83731CE
:10762C00D7F828211344C7F82831D7F82C3107F59F
:10763C009C72A2F5997212781A70D7F8283101331E
:10764C00C7F82831D7F82C3107F59C72A2F2331207
:10765C0012785A70D7F828310133C7F8283107F55A
:10766C00887318220021184600F05EFC3F23A7F80F
:10767C0010314FF48173A7F8123107F11003C7F8DA
:10768C001831D7F82831C7F81C3107F10C03C7F8AB
:10769C0020310323C7F8243107F5887300211846DD
:1076AC0000F0F2FF0346002B01DAFF2317E007F589
:1076BC009C73A3F596731B78002B05D007F59C7370
:1076CC00A3F596731B780AE007F59C73A3F59673E4
:1076DC00B3F801309AB2D7F848311A800023184613
:1076EC0007F59E77BD4690BD90B5D1B000AF04466E
:1076FC00084607F5A071A1F59C710A60194607F5BB
:10770C00A073A3F5997322461A8007F5A073A3F210
:10771C00331302461A7007F5A073A3F59D730A463E
:10772C001A8007F11803C7F8383107F5A073A3F2D4
:10773C0033131B78012B0AD007F5A073A3F2331374
:10774C001B78022B01D1132302E0032300E0052355
:10775C0007F118021344C7F8343107F1140303225C
:10776C000021184600F0E0FB0023C7F83031D7F8B1
:10777C00383107F5A072A2F5997212881A80D7F8E1
:10778C0030310233C7F83031D7F8383107F5A072F1
:10779C00A2F2331212789A70D7F830310133C7F84D
:1077AC00303107F5A073A3F233131B78012B02D0F1
:1077BC00022B04D007E0022387F83F3105E01023A9
:1077CC0087F83F3101E0972391E0D7F83831D81C86
:1077DC0097F83F2107F5A073A3F59C73196800F087
:1077EC0093FB97F83F31D7F830211344C7F8303169
:1077FC00D7F8343107F5A072A2F59D7212881A8061
:10780C00D7F830310233C7F83031D7F8343197F824
:10781C0050219A70D7F830310133C7F83031D7F88E
:10782C00343197F85421DA70D7F830310133C7F876
:10783C003031D7F8343197F858211A71D7F83031E4
:10784C000133C7F83031D7F8343197F85C215A71CD
:10785C00D7F830310133C7F83031D7F8343197F8D5
:10786C0060219A71D7F830310133C7F8303107F500
:10787C008C7318220021184600F056FB3F23A7F802
:10788C0018314FF48273A7F81A3107F11803C7F8AF
:10789C002031D7F83031C7F8243107F11403C7F879
:1078AC0028310323C7F82C3107F58C7300211846B7
:1078BC0000F0EAFE0346002B01DAFF2317E007F580
:1078CC00A073A3F596731B78002B05D007F5A07356
:1078DC00A3F596731B780AE007F5A073A3F59673CE
:1078EC00B3F801309AB2D7F864311A8000231846E5
:1078FC0007F5A277BD4690BDB0B5CCB000AF05463C
:10790C000C461046194607F59873A3F595732A464D
:10791C001A8007F59873A3F5967322461A8007F51B
:10792C009873A3F22D1302461A7007F59873A3F5FA
:10793C0097730A461A7007F11003C7F82C3107F534
:10794C009873A3F2211300221A700023C7F8283170
:10795C00D7F82C3107F59872A2F5957212881A8017
:10796C00D7F828310233C7F82831D7F82C3107F56E
:10797C009872A2F5967212885A80D7F82831023381
:10798C00C7F82831D7F82C3107F59872A2F22D12CE
:10799C0012781A71D7F828310133C7F82831D7F883
:1079AC002C3107F59872A2F5977212785A71D7F8A4
:1079BC0028310133C7F82831D7F82C31981D07F539
:1079CC009873A3F597731B781A46D7F8401100F0FB
:1079DC009BFA07F59873A3F597731B78D7F82821B2
:1079EC001344C7F8283107F588731822002118466C
:1079FC0000F09AFA3F23A7F810314FF48373A7F8DD
:107A0C00123107F11003C7F81831D7F82831C7F82D
:107A1C001C3107F10F03C7F820310123C7F82431BB
:107A2C0007F588730021184600F02EFE0346002B44
:107A3C0001DAFF2304E007F59873A3F221131B78F6
:107A4C00184607F59877BD46B0BD80B5CCB000AFF1
:107A5C0007F59873A3F598731A6007F59873A3F25A
:107A6C00291302461A7007F59873A3F595730A4605
:107A7C001A7007F11003C7F82C3107F59873A3F2AD
:107A8C00211300221A700023C7F82831D7F82C31A3
:107A9C0007F59872A2F2291212781A70D7F82831C9
:107AAC000133C7F82831D7F82C3107F59872A2F5B5
:107ABC00957212785A70D7F828310133C7F82831EB
:107ACC00D7F82C31981C07F59873A3F595731A7891
:107ADC0007F59873A3F59873196800F015FA07F574
:107AEC009873A3F595731B78D7F828211344C7F81E
:107AFC00283107F5887318220021184600F014FA73
:107B0C003F23A7F810310C23A7F8123107F110030B
:107B1C00C7F81831D7F82831C7F81C3107F10F0313
:107B2C00C7F820310123C7F8243107F588730021E9
:107B3C00184600F0A9FD0346002B01DAFF2304E0F0
:107B4C0007F59873A3F221131B78184607F598775D
:107B5C00BD4680BD80B5CCB000AF024607F598732A
:107B6C00A3F229131A7007F59873A3F595730A46B7
:107B7C001A7007F11003C7F82C3107F59873A3F2AC
:107B8C00211300221A700023C7F82831D7F82C31A2
:107B9C0007F59872A2F2291212781A70D7F82831C8
:107BAC000133C7F82831D7F82C3107F59872A2F5B4
:107BBC00957212785A70D7F828310133C7F82831EA
:107BCC0007F5887318220021184600F0ADF93F2301
:107BDC00A7F810310F23A7F8123107F11003C7F8DB
:107BEC001831D7F82831C7F81C3107F10F03C7F843
:107BFC0020310123C7F8243107F58873002118467A
:107C0C0000F042FD0346002B01DAFF2304E007F5E8
:107C1C009873A3F221131B78184607F59877BD4685
:107C2C0080BD80B5CCB000AF024607F59873A3F5C4
:107C3C0095731A8007F11003C7F82C3107F5987368
:107C4C00A3F2211300221A700023C7F82831D7F8A9
:107C5C002C3107F59872A2F5957212881A80D7F814
:107C6C0028310233C7F8283107F588731822002110
:107C7C00184600F059F93F23A7F810311823A7F83C
:107C8C00123107F11003C7F81831D7F82831C7F8AB
:107C9C001C3107F10F03C7F820310123C7F8243139
:107CAC0007F588730021184600F0EEFC0346002B04
:107CBC0001DAFF2304E007F59873A3F221131B7874
:107CCC00184607F59877BD4680BD80B588B000AFE3
:107CDC000023FB7107F1080318220021184600F05D
:107CEC0023F903233B8103237B81FB1DBB61012310
:107CFC00FB6107F108030021184600F0C5FC0346A0
:107D0C00002B01DAFF2300E0FB7918462037BD4633
:107D1C0080BD80B5CEB000AF07F59C73A3F598730A
:107D2C00196007F59C73A3F59A731A6007F59C7399
:107D3C00A3F5957302461A8007F11803C7F834317E
:107D4C0007F1100305220021184600F0EDF800237E
:107D5C00C7F83031D7F8343107F59C72A2F595721B
:107D6C0012881A80D7F830310233C7F8303107F552
:107D7C008C7318220021184600F0D6F80823A7F8B7
:107D8C0018313023A7F81A3107F11803C7F820313E
:107D9C00D7F83031C7F8243107F11003C7F8283170
:107DAC000523C7F82C3107F58C730021184600F019
:107DBC006BFC0346002B01DAFF2323E007F59C73D1
:107DCC00A3F594731B78002B05D007F59C73A3F5D2
:107DDC0094731B7816E007F59C73A3F59473DA780B
:107DEC0007F59C73A3F598731B681A7007F59C73C1
:107DFC00A3F594731A7907F59C73A3F59A731B6812
:107E0C001A700023184607F59C77BD4680BD90B5C7
:107E1C00CDB000AF04460846114607F59873A3F29F
:107E2C00291322461A7007F59873A3F59573024629
:107E3C001A7007F59873A3F22B130A461A7007F100
:107E4C001003C7F82C3107F59873A3F22113002205
:107E5C001A700023C7F82831D7F82C3107F598721F
:107E6C00A2F2291212781A70D7F828310133C7F808
:107E7C002831D7F82C3107F59872A2F59572127843
:107E8C005A70D7F828310133C7F82831D7F82C317C
:107E9C0007F59872A2F22B1212789A70D7F8283143
:107EAC000133C7F8283107F58873182200211846CA
:107EBC0000F03AF80823A7F810313123A7F8123153
:107ECC0007F11003C7F81831D7F82831C7F81C315F
:107EDC0007F10F03C7F820310123C7F8243107F548
:107EEC0088730021184600F0CFFB0346002B01DA03
:107EFC00FF2304E007F59873A3F221131B781846AF
:107F0C0007F59A77BD4690BD80B584B000AFF86098
:107F1C00B9607A607A68B968F86802F067FC034661
:107F2C0018461037BD4680BD80B584B000AFF860F0
:107F3C00B9607A607A68B968F86802F02BFC03467D
:107F4C0018461037BD4680BD80B58AB000AF78604A
:107F5C00002387F827307B6801333B623B6A1B7830
:107F6C00FF2B4CD13B6A0233FB61FB691B889BB234
:107F7C001A4640F601439A423DD1FB690233BB617C
:107F8C00BB695B889BB21A46204B9B8802339A4292
:107F9C0018D1012387F82730BB691B7A03F0010342
:107FAC00002B07D000233B7207F10803184601F0A1
:107FBC0071FC22E001233B7207F10803184601F023
:107FCC0069FC1AE0BB695B889BB21A460F4B5B8855
:107FDC0001339A4211D103233B72BB69DB889BB2FC
:107FEC00DBB23B74BB690833FB6007F1080318462E
:107FFC0001F050FC01E000BF02E000BF00E000BF58
:10800C0097F8273018462837BD4680BDB4080020A5
:10801C0080B58AB006AF4A4800F06CF98F233B70EC
:10802C00E5237B70B323BB70D523FB702E233B71F0
:10803C007F237B714A23BB719823FB712A233B72EC
:10804C0048237B727A23BB72CC23FB7240233B7395
:10805C00FE237B730023BB730023FB733946394B20
:10806C000093082301220220FFF768FA19233B70C2
:10807C00ED237B708223BB70AE23FB70ED233B7131
:10808C0021237B714C23BB719D23FB7141233B72DC
:10809C0045237B722223BB728E23FB7241233B73DD
:1080AC00FE237B730023BB730023FB73254B1888C3
:1080BC003A46254B0593012304930A23039301238A
:1080CC000293002301930623009302230221FFF75E
:1080DC000BFB19233B70ED237B708223BB70AE230B
:1080EC00FB70ED233B7121237B714C23BB719D23D2
:1080FC00FB7141233B7245237B722223BB728E237F
:10810C00FB7242233B73FE237B730023BB73002360
:10811C00FB730C4B18883A460C4B059301230493C4
:10812C000A2303930123029300230193102300934A
:10813C0078230221FFF7D8FA00BF1037BD4680BD67
:10814C00557F0008B4080020B6080020B8080020AD
:10815C0080B586B002AF03463960FB809223FB7377
:10816C00FB884FF6426293420CD1094B1888084B9E
:10817C0099883B68009378230022FFF7BDFB0346E8
:10818C00FB7300E000BFFB7B18461037BD4680BD7B
:10819C00B408002080B400AF00BFBD465DF8047B7E
:1081AC00704780B400AF00BFBD465DF8047B7047DC
:1081BC0080B400AF00BFBD465DF8047B704780B44F
:1081CC0000AF00BFBD465DF8047B704780B400AFC4
:1081DC0000BFBD465DF8047B704780B400AF00BFA4
:1081EC00BD465DF8047B704780B400AF00BFBD4650
:1081FC005DF8047B704780B400AF00BFBD465DF8EE
:10820C00047B704780B400AF00BFBD465DF8047BB3
:10821C00704780B400AF00BFBD465DF8047B70476B
:10822C0080B400AF00BFBD465DF8047B704780B4DE
:10823C0000AF00BFBD465DF8047B704780B400AF53
:10824C0000BFBD465DF8047B704780B400AF00BF33
:10825C00BD465DF8047B704780B400AF00BFBD46DF
:10826C005DF8047B704780B400AF00BFBD465DF87D
:10827C00047B704780B400AF00BFBD465DF8047B43
:10828C007047000080B500AF044B00221A77044BF6
:10829C0000221A7000F006F800BF80BDBC08002058
:1082AC00DC08002080B500AFFFF774FFFFF779FF03
:1082BC00FFF77EFFFFF783FFFFF788FFFFF78DFFC8
:1082CC00FFF792FFFFF797FFFFF79CFFFFF7A1FF68
:1082DC00FFF7A6FFFFF7ABFFFFF79AFEFFF7AEFF26
:1082EC00FFF7B3FFFFF7BFFFFFF7B6FFFFF7C2FFC4
:1082FC0000BF80BD80B483B000AF7860094B1B7F9A
:10830C001946084A7B6842F82130064B1B7F013323
:10831C00DAB2044B1A7700BF0C37BD465DF8047B0C
:10832C00704700BFBC08002080B586B000AF7860F5
:10833C007B6801333B610023FB753B691B78FF2B8A
:10834C0025D13B690233FB60FB681B889BB203F4AD
:10835C007F43B3F5406F18D100237B750DE07B7D17
:10836C001A4A52F82330786898470346FB75FB7D10
:10837C00002B08D17B7D01337B75144B1B7F7A7DE1
:10838C009A42ECD302E000BF00E000BF00E000BF67
:10839C00FB7D022B0FD0022B10DC002B02D0012B0B
:1083AC0006D00BE0786800F099FF0346BB7508E037
:1083BC000123BB7505E00023BB7502E00123BB75EF
:1083CC0000BFBB7D18461837BD4680BDBC080020D9
:1083DC0080B588B000AF786007F10C03FB617B6857
:1083EC0003F10C02FB692E214FF6664000F0E2FA15
:1083FC00FB690B33DB7818462037BD4680BD80B552
:10840C0088B000AF786007F10C03FB617B6803F167
:10841C000C02FB690F214FF6684000F0CBFAFB69A8
:10842C000B33DB7818462037BD4680BD80B588B04D
:10843C0000AF786007F10C03FB61FB697A681021CF
:10844C004FF6754000F0B6FAFB690B33DB78184633
:10845C002037BD4680BD000080B48BB000AF786083
:10846C0000233B610023FB6000237B6200233B6203
:10847C000023FB610023BB600023BB6100237B61F5
:10848C004A4BDB6BC3F30D033B613B699B0003F170
:10849C00005303F540331B68BB60BB681B68444A40
:1084AC0093420FD1BB685B697B62BB689B693B6283
:1084BC00BB68DB69FB61BB68DB68BB61BB681B69C4
:1084CC007B611AE03B699B0003F1005303F54033D9
:1084DC00FB60FB681B681B697B62FB681B685B6944
:1084EC003B62FB681B689B69FB61FB681B685B68F4
:1084FC00BB61FB681B689B687B617B6A1B0EDAB2F5
:10850C007B681A707B6A1B0CDAB27B685A707B6AC8
:10851C001B0ADAB27B689A707B6A1B09DBB203F028
:10852C000F03DAB27B68DA707B6ADBB203F00F03FD
:10853C00DAB27B681A713B6A1B0EDAB27B685A712D
:10854C003B6A1B0CDAB27B689A713B6A1B0ADAB283
:10855C007B68DA713B6ADAB27B681A72FB69DAB251
:10856C007B685A72BB691B0EDAB27B689A72BB6964
:10857C001B0CDAB27B68DA72BB691B0ADAB27B6855
:10858C001A737B691B0EDAB27B685A737B691B0CFE
:10859C00DAB27B689A737B69DAB27B68DA73002390
:1085AC0018462C37BD465DF8047B704700400058D8
:1085BC00B95646A980B582B000AF786039603B6887
:1085CC005B68084A1360084A7B68D361064800F070
:1085DC0073F93B681B68184600F0D4F800BF0837E5
:1085EC00BD4680BDC40B00209C0B002080B584B020
:1085FC0000AF224800F028FD0346002B2BD1204B66
:10860C001B78002B27D007F10C0319461B4800F0F0
:10861C00AAFD1C4BDB69002B0CD0FB68BB60012353
:10862C003B71184BDB693A1D104698473A79144B4D
:10863C001A7002E0124B01221A70114B1B78002B9E
:10864C0004D0FB68184600F003FC04E0FB681946F4
:10865C000A4800F01BFD094800F0F6FC0346002B0D
:10866C0007D1074B1B78002B03D0044801F0B9F855
:10867C0000BF00BF1037BD4680BD00BFE40800201E
:10868C00F00800209C0B002080B588B000AF78600B
:10869C000B46FB70002000F0CBF80023FB777B68C7
:1086AC005B881BB2C3F309031AB27B681B889B025D
:1086BC001BB213431BB2BB837B68DB68D9B27B68EC
:1086CC009A68BB8B184600F08DF84EE048F2E80033
:1086DC0001F09EF843E007F10C031946284800F01E
:1086EC0042FDFB685B7A0F2B14D1FB680B333B61AB
:1086FC003B695B889BB2BA8B9A4204D17B681B693D
:10870C003A6912781A703B695B78002B27D00123E9
:10871C00FB7724E0FB680B33BB61BB69B3F801301A
:10872C009BB2BA8B9A4214D1FB689B7A033BFB75C4
:10873C007B685A69FB7D9A42A8BF1A467B685A61CE
:10874C007B681869BB69D91C7B685B691A4602F0A7
:10875C004DF8BB691B78002B01D00123FB7708482F
:10876C0000F072FC0346002BB5D0FB7F002BADD084
:10877C00012000F05DF8002318462037BD4680BD6F
:10878C00BC0B002080B586B000AF78600F4800F0BD
:10879C004BFC0F4A7B6813600E4800F045FC0E4BF7
:1087AC0001221A700D4B1B68002B0AD07B683B61B1
:1087BC000B4BBB60094B1B6807F10802104698472E
:1087CC0000BF00BF1837BD4680BD00BFBC0B0020EA
:1087DC00EC080020E4080020F00800209C0B00208E
:1087EC007D88000880B582B000AF03463A60FB80FC
:1087FC000B467B710C4B1B68FA88A3F809200A4BBB
:10880C001B687A79DA72084B1B680C337A793968F1
:10881C00184601F0EBFF054B1B690021002098471F
:10882C0000BF0837BD4680BDEC0800209C0B002023
:10883C0080B582B000AF0346FB71FB79002B08D1E9
:10884C000A4B1B68002B0DD0084B1B680020984767
:10885C0008E0064B1B68002B04D0044B1B6801205E
:10886C00984700BF00BF0837BD4680BDC40B002031
:10887C0080B582B000AF78607B685B7A0F2B03D039
:10888C007B685B7A0E2B07D17968094800F024FCD1
:10889C00002000F0B2FF06E07968064800F01CFCEE
:1088AC00044800F09EFF00BF0837BD4680BD00BFE6
:1088BC00BC0B0020E408002080B483B000AF7860CB
:1088CC007B68054A1A607B68044A1A6100BF0C3742
:1088DC00BD465DF8047B7047D58B00083D8C0008C5
:1088EC0080B582B000AF786039603B685B68084A3D
:1088FC001360084A7B68D361064800F011F93B68A5
:10890C001B68184600F094F800BF0837BD4680BDC0
:10891C00E80B0020C80B002080B584B000AF2248C3
:10892C0000F092FB0346002B2BD1204B1B78002B25
:10893C0027D007F10C0319461B4800F014FC1C4B04
:10894C00DB69002B0CD0FB68BB6001233B71184B1F
:10895C00DB693A1D104698473A79144B1A7002E0BD
:10896C00124B01221A70114B1B78002B04D0FB68A0
:10897C00184600F06DFA04E0FB6819460A4800F04E
:10898C0085FB094800F060FB0346002B07D1074B21
:10899C001B78002B03D00448F8F78DF800BF00BFFC
:1089AC001037BD4680BD00BFF4080020040900202C
:1089BC00C80B002080B584B000AFBA607B60034662
:1089CC00FB810B467B73002000F064F8164B1B6890
:1089DC00FA89A3F80920144B1B687A7BDA72124BC4
:1089EC001B680C337A7BB968184601F0FFFE0F4BFD
:1089FC001B6900210020984748F2E800F8F772F84C
:108A0C007B6803F10800084B1968074B1B689B78BF
:108A1C0003331A4601F0EAFE012000F03BF800BFD8
:108A2C001037BD4680BD00BF00090020C80B0020D8
:108A3C0080B586B000AF7860104A7B681360104830
:108A4C0000F0F2FA012000F025F80E4B01221A700A
:108A5C000D4B1B68002B0CD07B687B610B4BFB60B8
:108A6C000B4B3B61084B1B6807F10C0210469847F7
:108A7C0000BF00BF1837BD4680BD00BF00090020F5
:108A8C00F408002004090020C80B0020F18A00081B
:108A9C00098B000880B582B000AF0346FB71FB79EF
:108AAC00002B0BD10D4B1B68002B03D00B4B1B6801
:108ABC00002098470A4B00221A700BE0084B012249
:108ACC001A70064B1B68002B04D0044B1B6801204A
:108ADC00984700BF00BF0837BD4680BDE80B00209B
:108AEC00FC08002080B582B000AF78600020F7F75A
:108AFC00EEFF00BF0837BD4680BD000080B582B0D8
:108B0C0000AF78607968054800F0E6FA0348F7F79B
:108B1C00D2FF00BF0837BD4680BD00BFF40800205F
:108B2C0080B483B000AF78607B68054A1A607B68BC
:108B3C00044A1A6100BF0C37BD465DF8047B7047D0
:108B4C00E98C00083D8D000880B500AF01F0D4FA27
:108B5C0000BF80BD80B500AF104B114A1A600F4B9F
:108B6C00104A5A600D4B104A9A600C4B0F4A1A620D
:108B7C000A4B0F4A5A62094B0E4ADA60074B0E4AEF
:108B8C001A61064B0D4A5A61044B0D4A9A61034B0C
:108B9C000C4ADA6101F0C4FA00BF80BD000003206A
:108BAC0028000320480003205800032068000320FD
:108BBC007000032078000320800003209C00032019
:108BCC00A0000320AC00032080B584B000AF786017
:108BDC007B68FB60114800F027FA114B5B68BB60A7
:108BEC00FB689A68BB681A60FB68DA68BB68DA6075
:108BFC00BB680C4A5A60BB68084A9A6001F0A6FA36
:108C0C00FB681B68084A1360FB685B68074A1360C3
:108C1C00002318461037BD4680BD00BFC800032096
:108C2C0000000320A4080020F40B0020F80B002007
:108C3C0080B582B000AF78600B467B80094B5B68D7
:108C4C001B6801221A72074B5B681B6819460120CE
:108C5C0000F06CF901F084FA002318460837BD4681
:108C6C0080BD00BF0000032080B582B000AF1CE0C7
:108C7C003B1D1946124800F076FA7B685B7A0F2B85
:108C8C0003D07B685B7A0E2B05D17B6819460220DA
:108C9C0000F04CF904E07B681946032000F046F91B
:108CAC00084B1B687A6810469847054800F0CCF9C9
:108CBC000346002BDCD000BF0837BD4680BD00BF8B
:108CCC00C8000320F40B002080B500AF024B1B68DA
:108CDC00984700BF80BD00BFF80B002080B584B062
:108CEC0000AF78607B68FB600D4800F09DF90D4B80
:108CFC00DB68BB60FB689A68BB681A60BB68084A93
:108D0C005A6001F04FFAFB681B68074A1360FB6856
:108D1C005B68064A1360002318461037BD4680BDB9
:108D2C00D000032000000320FC0B0020000C0020CE
:108D3C0080B582B000AF78600B467B80094BDB6856
:108D4C001B6810221A72074BDB681B68194604203B
:108D5C0000F0ECF801F030FA002318460837BD4655
:108D6C0080BD00BF0000032080B500AF074BDB685F
:108D7C001B681946052000F0D9F8054B1B68034AFF
:108D8C00D26812681046984700BF80BD00000320CF
:108D9C00FC0B002080B582B000AF0EE03B1D1946E5
:108DAC000B4800F0E0F97B681946062000F0BEF88D
:108DBC00084B1B687A6810469847054800F044F940
:108DCC000346002BEAD000BF0837BD4680BD00BF6C
:108DDC00D0000320000C002080B582B000AF78607A
:108DEC00174800F021F9174800F01EF9164B1B69C3
:108DFC00164A1360154B1B687A6892689A60134B7D
:108E0C001B687A68D268DA60104B1B680C4A1A61CE
:108E1C000E4B1B687A6812681A600C4B1B687A68D8
:108E2C0052685A60094B1B687A6812695A61074B81
:108E3C001B687A6852699A6100BF0837BD4680BDCD
:108E4C00B8000320EC0B002000000320040C0020D1
:108E5C0080B582B000AF78607968074800F03CF9C3
:108E6C007968002000F062F8044801F0CBF900BFEB
:108E7C000837BD4680BD00BFEC0B00208D8E00086E
:108E8C0080B582B000AF0CE03B1D19460A4800F0DB
:108E9C006AF90A4B1B691B697A681146184600F07F
:108EAC001BF9054800F0D0F80346002BECD000BFAE
:108EBC000837BD4680BD00BFEC0B0020000003202E
:108ECC0080B500AF054800F0AFF8054B5B69034A6D
:108EDC001A6001F0CDF900BF80BD00BFC0000320B7
:108EEC000000032080B582B000AF08E03B1D19469E
:108EFC00084800F038F97B68184600F00DF8054872
:108F0C0000F0A2F80346002BF0D000BF0837BD4696
:108F1C0080BD00BFC000032080B483B000AF786078
:108F2C0000BF0C37BD465DF8047B704780B485B03C
:108F3C0000AF03463960FB71FB79062B45D801A2C3
:108F4C0052F823F06D8F0008918F0008978F00085E
:108F5C00AB8F0008B78F0008BD8F0008CB8F0008BF
:108F6C003B68FB60FB685B7AFF2B05D0FF2B05DCB5
:108F7C000E2B05D00F2B01E000BF27E000BF25E032
:108F8C0000BF23E03B68BB6020E03B68FB60FB68F4
:108F9C005B7A0E2B01D00F2B00E000BF16E03B6874
:108FAC00FB60FB685B7AFF2B10E03B68BB600DE05D
:108FBC003B68FB60FB685B7A0E2B00BF06E03B68EE
:108FCC00FB60FB685B7AFF2B00E000BF00BF14372F
:108FDC00BD465DF8047B704780B485B000AF034696
:108FEC00FB710F4BFB6002E0FB68083BFB60FB680E
:108FFC0007331B78FA799A4203D0FB68094A9342EB
:10900C00F2D1FB6807331B78FA799A4201D000231E
:10901C00FB60FB6818461437BD465DF8047B70474F
:10902C00F873FF1F0070FF1F80B483B000AF78602F
:10903C007B687A681A607B687A685A6000BF0C3764
:10904C00BD465DF8047B704780B487B000AF786094
:10905C00EFF31083FB60FB683B6172B600BF7B686B
:10906C001B687A689A4202D10123FB7501E0002348
:10907C00FB753B69BB60BB6883F3108800BFFB7D4D
:10908C0018461C37BD465DF8047B704780B487B02A
:10909C0000AF78603960EFF31083FB60FB687B6195
:1090AC0072B600BF7B681A683B681A603B687A68C6
:1090BC005A607B683A681A603B681B683A685A6069
:1090CC007B693B613B6983F3108800BF00BF1C3791
:1090DC00BD465DF8047B704780B487B000AF786004
:1090EC003960EFF31083FB60FB687B6172B600BFE5
:1090FC003B687A681A607B685A683B685A607B6880
:10910C003A685A603B685B683A681A607B693B61F5
:10911C003B6983F3108800BF00BF1C37BD465DF868
:10912C00047B704780B487B000AF7860EFF3108396
:10913C00FB60FB687B6172B600BF7B685B687A681A
:10914C0012681A607B681B687A6852685A607B697F
:10915C003B613B6983F3108800BF00BF1C37BD46E1
:10916C005DF8047B704780B586B000AF78603960DD
:10917C00EFF31083FB60FB687B6172B600BF7B680A
:10918C001A683B681A607B681B681846FFF7CAFFB1
:10919C007B693B613B6983F3108800BF00BF1837C4
:1091AC00BD4680BD80B400AF034B1B681846BD465E
:1091BC005DF8047B704700BF8075FF1F80B400AF63
:1091CC00034B1B68DBB21846BD465DF8047B704749
:1091DC008475FF1F80B400AF034B1B681B0A184635
:1091EC00BD465DF8047B70478475FF1FB0B590B029
:1091FC0000AF922387F83F302E4B3C1D1D460FCD00
:10920C000FC40FCD0FC40FCD0FC495E8070003C4D6
:10921C00228000F01BF90121022001F051F8264AAE
:10922C000021042001F078F93B1D1846FFF7D0F817
:10923C00034687F83E3097F83E30002B01D0F8F704
:10924C00B5FD00F019F9FFF71DF81C4B002283F84F
:10925C0080201A4B4FF6FF72DA82194A0021012046
:10926C0001F05AF90620FEF7DCFC034687F83F3084
:10927C0000F056FB134B002213490020F8F72CF991
:10928C00124B002212490020F8F726F90B4B002252
:10929C005A760A4B00221A760E4B80221A800E4BFD
:1092AC00A0221A80012000F0B9F900BF4037BD465A
:1092BC00B0BD00BF74A80008F9850008100C002090
:1092CC0091970008D1970008910C0020E1970008B5
:1092DC00920C0020940C0020960C002080B58AB0D3
:1092EC0000AF7860922387F827307B6801333B62AC
:1092FC003B6A1B78FF2B00F08580FF2B00F39980D5
:10930C00052B02D03E2B20D093E03B6A0233FB604E
:10931C00FB68B3F801309AB24A4BDB8A9A4206D109
:10932C00484B0022DA82474B002283F88020012030
:10933C0000F074F9444B01221A70424BDA8A424B0A
:10934C005A80414800F0D8FA76E03B6A0233BB61A0
:10935C00BB691B780C2B05D00C2B4FDC012B17D0C9
:10936C00032B4BE0BB6901337B61364BDB8A07F186
:10937C000A0207F10B011846FEF7CBFC034687F8EF
:10938C00273097F82730002B3AD1FB7A022B37E0A5
:10939C00BB6901333B612B4B93F881301846F8F7CE
:1093AC0015F9284B93F88030042B0BD101224FF484
:1093BC0000614FF09040FAF797F9224B062283F8A0
:1093CC0080200AE001224FF400614FF09040FAF740
:1093DC008BF91C4B052283F880203B69B3F80130D4
:1093EC009AB2184BDA82184B00221A70154BDA8A93
:1093FC00154B5A80144800F07FFA02E000BF1BE0C6
:10940C0000BF19E03B6A0233FB61FB691B889BB20E
:10941C00B3F5006F09D0B3F5006F0CDC042B06D04C
:10942C0040F20742934206D102E000BF03E000BFC6
:10943C0001E000BF00E000BF012318462837BD46FD
:10944C0080BD00BF100C0020980C002080B582B0AD
:10945C0000AF064B3B60064B7B603B46194605480C
:10946C00FFF7A8F800BF0837BD4680BDD800032021
:10947C006B98000833980008F0B58DB006AF002348
:10948C003B809223FB75FEF720FC0346FB7500F036
:10949C0035F938613A6906210020FEF7D6FA034601
:1094AC00FB753B6905331A78564B1A723B690433CA
:1094BC001A78544B5A723B6903331A78514B9A728F
:1094CC003B6902331A784F4BDA723B6901331A78D5
:1094DC004C4B1A733B691A784A4B5A734A4A1021FF
:1094EC001820FEF7B2FA0346FB75484A10210820F3
:1094FC00FEF7ABFA0346FB7518210120FEF72AFB99
:10950C000346FB75FDF7F5FF0346FB750023FB7364
:10951C00FB7B43F00103FB73FB7B002B1FD03C4B0D
:10952C00BB60BA1DF87BBB1C01933B1D009313461B
:10953C0007220021FDF79AFE0346FB75FC88BD88C7
:10954C00B868F6F715FE0346DAB2BB68009313460B
:10955C00002229462046FEF7CFF90346FB75F88812
:10956C0079883B46009302230022FEF7C5F9034697
:10957C00FB75022202210020FEF749FC0346FB7515
:10958C00244B01221A70234B1B781846FDF756FD0D
:10959C000346FB751F4B01225A701E4B08221A7191
:1095AC001C4B10225A711B4B0022DA70194B1A4AB1
:1095BC009A60184B01229A70164B9C78154B5D786B
:1095CC00144B1B79134A52791249C9781148806897
:1095DC00002604960390029101920093002301222D
:1095EC0029462046FDF77EFD0346FB75094B9B780B
:1095FC00002B03D0FDF759FF0346FB7500BF1C374A
:10960C00BD46F0BD14000020B8AA0008C8AA000886
:10961C00B0A80008100C002007B2010080B58CB077
:10962C0008AF0346FB719223FB72FB79012B06D129
:10963C002B4B1B88FB812B4B1B88BB8105E04FF40C
:10964C00C863FB814FF47A63BB81274B93F881305D
:10965C001846F7F7BBFFFB79022B0DD1224B93F881
:10966C008030012B04D0204B93F88030022B03D197
:10967C00FDF7C6FB0346FB721B4AFB7982F8803070
:10968C00194B1B7EBA89F9890020069000200590A1
:10969C00164804900393164B02930B23019300235B
:1096AC00009300230020FDF7CFFB0346FB7211490A
:1096BC000E20FDF788FE0346FB72FB7A002B0AD1C5
:1096CC00FB79012B07D1084B93F881300A491846D6
:1096DC00F8F700F800BF00BF1037BD4680BD00BFD3
:1096EC00940C0020960C0020100C0020290C00205B
:1096FC00D8AA00081400002046E0010080B586B00E
:10970C0000AFFFF74FFD38613B69B3F1FF3F23D04A
:10971C00FFF760FDB860FFF751FD78603B69DAB286
:10972C00164B1A703B691B0ADAB2144B5A707B68E1
:10973C00DAB2124B9A70BB68DAB2104BDA70BB68B3
:10974C001B0ADAB20D4B1A71BB681B0CDAB20B4B4D
:10975C005A710A4B7B610BE00020FFF73DFCF8606F
:10976C00FB68002B02D0FB687B6101E0044B7B6142
:10977C007B6918461837BD4680BD00BF080C002019
:10978C00B0AA000880B582B000AF0D4B93F88030C2
:10979C00052B11D001224FF400614FF09040F9F7E6
:1097AC00A3FF9223FB71FDF72BFB0346FB71044BCC
:1097BC00002283F8802000BF00BF0837BD4680BD63
:1097CC00100C002080B500AF0021012000F0C6FE77
:1097DC0000BF80BD80B400AF00BFBD465DF8047B08
:1097EC00704780B582B000AF78600021042000F093
:1097FC00B5FE00BF0837BD4680BD80B582B000AF56
:10980C007860012000F016FF00BF0837BD4680BD10
:10981C0080B582B000AF7860012000F02BFF00BF54
:10982C000837BD4680BD80B584B000AF78607B68DA
:10983C00FB60FB685B6808331846FEF775FD034652
:10984C00FB72FB7A002B03D0FB6801221A7003E039
:10985C00FB6800221A7000BF1037BD4680BD80B572
:10986C0084B000AF0346FB71FB79002B02D0012BB7
:10987C0006D00BE00723FB60F86800F09BFE05E0C8
:10988C000723FB60F86800F0B5FE00BF00BF10377F
:10989C00BD4680BD80B582B000AF78607B681B7818
:1098AC00032B20DC022B10DA002B02D0012B1CD056
:1098BC0019E001224FF400614FF09040F9F714FFCA
:1098CC000021022000F04AFE10E07B685B68013347
:1098DC001B78012B03D1074B00221A6006E0054BC5
:1098EC0001221A6002E000BF00E000BF00BF083791
:1098FC00BD4680BD2400002080B483B000AF7860EA
:10990C007B681B78002B02D0012B02D002E000BF39
:10991C0000E000BF00BF0C37BD465DF8047B70470C
:10992C0080B500AF034A0021022000F0F5FD00BF16
:10993C0080BD00BF799B000880B584B000AF0346A2
:10994C000A46FB711346BB710023FB7300222021D6
:10995C004FF09040F9F7C8FEFB7943F04003DBB2BF
:10996C00BB7307F10E014FF4805301220D48FBF736
:10997C00A4FF07F10F014FF4805301220948FBF7B4
:10998C009CFFB91D4FF4805301220648FBF795FF4D
:10999C00012220214FF09040F9F7A6FE00BF1037AE
:1099AC00BD4680BDA00A002080B582B000AF034642
:1099BC00FB71002220214FF09040F9F795FEF91D24
:1099CC004FF4805301220648FBF777FF0122202138
:1099DC004FF09040F9F788FE00BF0837BD4680BDB8
:1099EC00A00A002080B584B000AF03460A46FB7184
:1099FC001346BB710023FB73002204214FF09040EF
:109A0C00F9F772FEFB7943F04003DBB2BB7307F14D
:109A1C000E014FF4805301220D48FBF74EFF07F166
:109A2C000F014FF4805301220948FBF746FFB91D83
:109A3C004FF4805301220648FBF73FFF012204211B
:109A4C004FF09040F9F750FE00BF1037BD4680BD77
:109A5C00A00A002080B582B000AF0346FB71002243
:109A6C0004214FF09040F9F73FFEF91D4FF480535D
:109A7C0001220648FBF721FF012204214FF0904000
:109A8C00F9F732FE00BF0837BD4680BDA00A0020A2
:109A9C0090B58BB002AFF8600B467B816446C7F87B
:109AAC0004C07B8900221946F868F9F71DFE0023D3
:109ABC00FB6145E00023BB613CE0611D221D4FF4BE
:109ACC008053009301232548FCF765F82379194648
:109ADC00234ABB6942F82310FB69002B27D0BB69D2
:109AEC00022B24D100237B611EE01D4A7B6952F8B6
:109AFC0023101C4B1B781A46C9B21B4B9954194B9B
:109B0C001B780133DAB2174B1A70164B1B78602B8B
:109B1C0007D1144B00221A7013494FF64260FEF71E
:109B2C0017FB7B6901337B617B69022BDDDDBB6934
:109B3C000133BB61BB69022BBFDDFB690133FB61E8
:109B4C00FB69082BB6DD7B8901221946F868F9F709
:109B5C00CBFD00BF2437BD4690BD00BFA00A00203E
:109B6C00180D0020140D00209C0C002080B584B032
:109B7C0000AF07F11803BB6000224FF480514FF087
:109B8C009040F9F7B1FD08233B6000237B7106235D
:109B9C00FB73012220214FF09040F9F7A5FD012223
:109BAC0004214FF09040F9F79FFD1020FFF7FCFEC9
:109BBC000820FFF7F9FE1120FFF7F6FE07F10F0161
:109BCC004FF4805301227248FBF777FE9621012057
:109BDC00FFF7B2FED4210220FFF7AEFEE0210320F6
:109BEC00FFF7AAFE00210420FFF7A6FE00210D209E
:109BFC00FFF7A2FE00210E20FFF79EFE00210F2092
:109C0C00FFF79AFE00211020FFF796FE002111208D
:109C1C00FFF792FE80211420FFF78EFE20211520E5
:109C2C00FFF78AFE00211720FFF786FE0021052092
:109C3C00FFF782FE00210620FFF77EFE00210720A1
:109C4C00FFF77AFE00210820FFF776FE002109209D
:109C5C00FFF772FE00210A20FFF76EFE00210B2099
:109C6C00FFF76AFE00210C20FFF766FE1120FFF7BC
:109C7C009BFE012220214FF09040F9F735FD002288
:109C8C0020214FF09040F9F72FFD1020FFF78CFEAC
:109C9C000820FFF789FE1020FFF7DCFE0820FFF7F5
:109CAC00D9FE1120FFF7D6FEFB7B1846FFF7D2FE3C
:109CBC0096210120FFF796FED4210220FFF792FE99
:109CCC00E0210320FFF78EFE00210420FFF78AFE1F
:109CDC0000210D20FFF786FE00210E20FFF782FEEB
:109CEC0000210F20FFF77EFE00211020FFF77AFEE7
:109CFC0000211120FFF776FE80211420FFF772FE61
:109D0C0020211520FFF76EFE00211720FFF76AFEB9
:109D1C0000210520FFF766FE00210620FFF762FEFA
:109D2C0000210720FFF75EFE00210820FFF75AFEF6
:109D3C0000210920FFF756FE00210A20FFF752FEF2
:109D4C0000210B20FFF74EFE00210C20FFF74AFEEE
:109D5C001120FFF77FFE012204214FF09040F9F70C
:109D6C00C3FC002204214FF09040F9F7BDFC1020F9
:109D7C00FFF770FE0820FFF76DFE064B6F225A703E
:109D8C00054B6F221A603B469C4600F007F8FAE739
:109D9C00A00A00209C0C0020180D002090B583B068
:109DAC0000AF6446C7F804C010214FF09040F9F79B
:109DBC0083FC0346012B01D10523236010214FF0B6
:109DCC009040F9F779FC0346002B18D12368052B3A
:109DDC0015D100232360A44620214FF09040FFF7BB
:109DEC0057FE00BF08210848F9F766FC0346012B13
:109DFC00F8D0A44604214FF09040FFF749FE012310
:109E0C0018460C37BD4690BD0004004880B400AF26
:109E1C00054BDB68044A43F40043D36000BFBD46E6
:109E2C005DF8047B704700BF0004005880B483B019
:109E3C0000AF7860064BD3F8D42005497B681343F8
:109E4C00C1F8D43000BF0C37BD465DF8047B7047B9
:109E5C000008005880B483B000AF7860054B1A6AD4
:109E6C0004497B6813430B6200BF0C37BD465DF899
:109E7C00047B70470008005880B485B000AF786050
:109E8C004FF0B0431A6D4FF0B0417B6813430B6534
:109E9C004FF0B0431A6D7B681340FB60FB6800BF4A
:109EAC001437BD465DF8047B704780B485B000AFB5
:109EBC0078604FF0B043D3F850214FF0B0417B683D
:109ECC001343C1F850314FF0B043D3F850217B68A5
:109EDC001340FB60FB6800BF1437BD465DF8047B84
:109EEC00704780B483B000AF78607B681B6843F424
:109EFC0080327B681A6000BF0C37BD465DF8047B6E
:109F0C00704780B483B000AF78607B681B6843F007
:109F1C0001027B681A6000BF0C37BD465DF8047BFC
:109F2C00704780B483B000AF786039607B685A6842
:109F3C003B681B04DB431A407B685A6000BF0C373C
:109F4C00BD465DF8047B704780B483B000AF786089
:109F5C0039607B685A683B681B041A437B685A60FB
:109F6C0000BF0C37BD465DF8047B704780B483B0EE
:109F7C0000AF786039607B685A683B68DB431A40F5
:109F8C007B685A6000BF0C37BD465DF8047B704798
:109F9C0080B483B000AF786039607B683A689A60AF
:109FAC0000BF0C37BD465DF8047B704780B483B0AE
:109FBC0000AF786039603B681A047B689A6000BF18
:109FCC000C37BD465DF8047B704780B483B000AF9E
:109FDC00786039607B68DA683B6813403A689A426B
:109FEC0001D1012300E0002318460C37BD465DF873
:109FFC00047B704780B483B000AF786039607B68B5
:10A00C00DA693B6813403A689A4201D1012300E0B7
:10A01C00002318460C37BD465DF8047B70470000E2
:10A02C0080B500AF02211848FFF7E4FF0346002B70
:10A03C0008D0154B5B6803F00203002B02D100F033
:10A04C00D5F81EE001211048FFF7D4FF0346002B82
:10A05C0008D00D4B5B6803F00103002B02D100F01C
:10A06C0089F80EE008210848FFF7C4FF0346002BCF
:10A07C0008D0054B5B6803F00803002B02D100F0FD
:10A08C0001F900BF00BF80BD000C005880B500AFC7
:10A09C0002211848FFF799FF0346002B08D1154BF6
:10A0AC005B6803F40033002B02D100F093F81EE040
:10A0BC0008211048FFF789FF0346002B08D10D4BF0
:10A0CC005B6803F40023002B02D100F0BDF80EE016
:10A0DC0020210848FFF779FF0346002B08D1054BD8
:10A0EC005B6803F40013002B02D100F04FF800BFA3
:10A0FC0000BF80BD000C005880B500AF4FF480103D
:10A10C00FFF7D3FE4FF40070FFF7A4FE4FF400707E
:10A11C00FFF78CFE40BF20BFFFF778FE00BF80BD6D
:10A12C0080B500AF4FF48010FFF7A6FE0648FFF78E
:10A13C00E8FE0548FFF7D5FE2C20F9F708F92D208D
:10A14C00F9F705F900BF80BD000C005880B500AFD1
:10A15C0001210248FFF70AFF00BF80BD000C005828
:10A16C0080B500AF01210248FFF720FF00BF80BD82
:10A17C00000C005880B500AFFEF776FD01210248B7
:10A18C00FFF706FF00BF80BD000C005880B500AF84
:10A19C0020210348FFF7D8FEFEF796FD00BF80BDD7
:10A1AC00000C005880B500AF02210248FFF7DEFE1C
:10A1BC0000BF80BD000C005880B500AF02210448E0
:10A1CC00FFF7F4FE02210248FFF7ABFE00BF80BD93
:10A1DC00000C005880B500AF02210348FFF7B4FE15
:10A1EC00FEF7C2FD00BF80BD000C005880B500AF6B
:10A1FC00FEF7D0FD02210248FFF7CAFE00BF80BD6A
:10A20C00000C005880B582B000AF786008210C4873
:10A21C00FFF7DBFE0346002B07D00A4A7B6813606E
:10A22C0008210748FFF77DFE06E07B689847082168
:10A23C000348FFF7BBFE00BF0837BD4680BD00BF1B
:10A24C00000C00583C0D002080B500AF08210648DA
:10A25C00FFF77AFE054B1B68984708210248FFF769
:10A26C00A5FE00BF80BD00BF000C00583C0D0020B7
:10A27C0080B500AF08210248FFF778FE00BF80BD13
:10A28C00000C005880B500AFFEF72CFE08210248E8
:10A29C00FFF77EFE00BF80BD000C005880B400AFFD
:10A2AC00054B00221A60054B00221A6000BFBD4608
:10A2BC005DF8047B704700BF400D0020440D00206A
:10A2CC0080B487B000AF78600B46FB70EFF310835F
:10A2DC003B613B697B6172B600BFFB78002B08D0F9
:10A2EC00012B0ED10D4B1A687B6813430B4A13607C
:10A2FC0008E07B68DA43094B1B681340074A13607C
:10A30C0000E000BF7B69FB60FB6883F3108800BF33
:10A31C0000BF1C37BD465DF8047B7047440D002020
:10A32C0080B590B000AF7860734B1B68BB62724B0A
:10A33C001A687B681340704A1360704B1B68BB63D0
:10A34C006F4B1B687B636F4B1B683B636E4B1B68CF
:10A35C00FB628DE00023FB6302E0FB6B0133FB63CC
:10A36C006A4AFB6B52F833203B6B1A40624B1B68FA
:10A37C001340002BF1D0654AFB6B52F833203B6B3A
:10A38C001A405D4B1B6813407B62604AFB6BDB0021
:10A39C0013445A687B6A1340002B06D15B4AFB6B53
:10A3AC00DB0013444FF0FF325A60584AFB6BDB0062
:10A3BC0013445A687B6A1340184600F0B3F90346FD
:10A3CC001A46534B1A60514AFB6BDB0013445A6814
:10A3DC004F4B1B68012101FA03F3DB431A404B4935
:10A3EC00FB6BDB000B445A60EFF31083BB61BB6962
:10A3FC003B6272B600BF464B1B68012202FA03F3A4
:10A40C00DA433E4B1B6813403C4A13600223FB6348
:10A41C0013E0FB6B013B3D4A52F833103C4B1B687D
:10A42C00012202FA03F3DA43FB6B013B0A40374982
:10A43C0041F83320FB6B013BFB63FB6B002BE8D13A
:10A44C003B6A7B617B6983F3108800BF304B1B68D0
:10A45C00304A52F823309847284B1B68BB63284B73
:10A46C001B687B63274B1B683B63274B1B68FB629A
:10A47C00BA6B3B6B1A40204B1B681340002B05D06A
:10A48C007A6BFB6A1340002B3FF464AF204B4FF008
:10A49C00FF321A6000F038F9EFF310833B613B692F
:10A4AC00FB6172B600BF154B1B68BB63144B1B687A
:10A4BC007B63144B1B683B63BA6B3B6B1A400E4BB4
:10A4CC001B681340002B07D10F4B1A687B6B134092
:10A4DC00002B01D1F6F7DBFAFB69FB60FB6883F319
:10A4EC00108800BF00F017F9034ABB6A136000BF65
:10A4FC004037BD4680BD00BF2C000020480D002019
:10A50C004C0D002028000020500D0020D80D0020FC
:10A51C00540D0020580D002080B588B000AFF860B5
:10A52C00B9607A60EFF310837B617B69FB6172B673
:10A53C0000BFF86800F0F6F803461946064A7B6837
:10A54C0042F82130FB69BB61BB6983F3108800BF03
:10A55C0000BF2037BD4680BD580D002080B487B0A9
:10A56C0000AF78603960EFF31083FB60FB687B61B0
:10A57C0072B600BF0D4B1A687B6813430B4A13600D
:10A58C000B4A3B6852F833207B681A4308493B68F6
:10A59C0041F833207B693B613B6983F3108800BF32
:10A5AC0000BF1C37BD465DF8047B7047480D00208A
:10A5BC00D80D002080B487B000AF7860EFF3108323
:10A5CC00FB60FB687B6172B600BF7B68DA43084BAB
:10A5DC001B681340064A13607B693B613B6983F33C
:10A5EC00108800BF00BF1C37BD465DF8047B704768
:10A5FC002800002080B487B000AF7860EFF31083A0
:10A60C00FB60FB687B6172B600BF094B1A687B6804
:10A61C001343074A13607B693B613B6983F31088E2
:10A62C0000BF00BF1C37BD465DF8047B704700BF00
:10A63C002800002080B487B000AF7860EFF310835F
:10A64C00FB60FB687B6172B600BF094B1A687B68C4
:10A65C001343074A13607B693B613B6983F31088A2
:10A66C0000BF00BF1C37BD465DF8047B704700BFC0
:10A67C004C0D002080B588B000AF78601F4B1B6874
:10A68C00BB611E4B1B68B3F1FF3F02D10023FB6182
:10A69C0005E01A4B1B68012202FA03F3FB61184B0D
:10A6AC001B687B61164A7B68136003E07968F86964
:10A6BC00F6F7F4F9134B1A687B681340002BF5D0AE
:10A6CC000E4ABB691360EFF31083BB60BB683B6140
:10A6DC0072B600BF7B68DA430A4B1B681340094A09
:10A6EC0013603B69FB60FB6883F3108800BF044A6E
:10A6FC007B69136000BF2037BD4680BD540D002020
:10A70C00500D00204C0D002080B400AF00BFBD46A2
:10A71C005DF8047B704780B400AF00BFBD465DF8A8
:10A72C00047B704780B485B000AF78600023FB7366
:10A73C007B68BB60BB68B3F5803F04D21023FB730E
:10A74C00BB681B04BB60BB68B3F1807F05D2FB7B8D
:10A75C000833FB73BB681B02BB60BB68B3F1805F43
:10A76C0005D2FB7B0433FB73BB681B01BB60BB686E
:10A77C001B0F074AD25CFB7B1344FB73FB7BC3F1BF
:10A78C001F03DBB218461437BD465DF8047B7047D7
:10A79C00E4AA000802440346934200D1704703F830
:10A7AC00011BF9E770B50D4D0D4C641BA410002670
:10A7BC00A64209D10B4D0C4C00F026F8641BA410DA
:10A7CC000026A64205D170BD55F8043B98470136CA
:10A7DC00EEE755F8043B98470136F2E7FCAA00086F
:10A7EC00FCAA0008FCAA000800AB00080A4491422D
:10A7FC0000F1FF3300D1704710B511F8014B03F88D
:10A80C00014F9142F9D110BDF8B500BFF8BC08BC9E
:10A81C009E467047F8B500BFF8BC08BC9E46704712
:10A82C00000000000000000000000000B8A80008B4
:10A83C003000002034000020260404001200000028
:10A84C00240000003600000040000000060000005C
:10A85C000C000000100000000000000001000000CF
:10A86C0002000000030000000000000000000000D7
:10A87C000000000000000000000000004400080080
:10A88C004005020112279C00F4010004FFFFFFFFAA
:10A89C0048010100002000000003720600000000C7
:10A8AC000C0000004541524545470000000000489F
:10A8BC0001000000000000480100000000000048FA
:10A8CC0001000000000000480100000000000048EA
:10A8DC0001000000000000480100000000000048DA
:10A8EC0001000000000000480100000000000048CA
:10A8FC0001000000000000480100000000000048BA
:10A90C0001000000000000480100000000000048A9
:10A91C000100000000000048010000000000004899
:10A92C000100000000000048010000000000004889
:10A93C000100000000000048010000000000004879
:10A94C000100000000000048010000000000004869
:10A95C000100000000000048010000000000004859
:10A96C000100000000000048010000000000004849
:10A97C000100000000000048010000000000004839
:10A98C000100000000000048010000000000004829
:10A99C000100000000000048010000000000004819
:10A9AC000100000000000048010000000000004809
:10A9BC0001000000000000480100000000000048F9
:10A9CC0001000000000000480100000000000048E9
:10A9DC000100000000000048010000000100000020
:10A9EC000300000005000000010000000100000051
:10A9FC00060000000A000000200000000200000019
:10AA0C0004000000080000001000000040000000DE
:10AA1C0080000000000100000002000000000000A7
:10AA2C000000000000000000000000000100000019
:10AA3C00020000000300000004000000A0860100DA
:10AA4C00400D0300801A060000350C0040420F0038
:10AA5C0080841E0000093D0000127A000024F400DE
:10AA6C0000366E010048E801006CDC0200000000BA
:10AA7C0000000000000000000000000001000200C7
:10AA8C000400060008000A000C0010002000400022
:10AA9C008000000101010103070100000804020409
:10AAAC00080101010000000000000000123456787B
:10AABC009ABCDEF0123456789ABCDEF0FEDCBA0991
:10AACC0087654321FEDCBA09876543210949524F4A
:10AADC004E4243495F313600040302020101010179
:08AAEC00000000000000000062
:08AAF4008856FF7F01000000FD
:04AAFC0061010008EC
:04AB00003D0100080B
:10AB040000093D0010000000010000000DFF01835A
:10AB14000000000000000000000000000B00000026
:08AB2400FFFFFFFFFFFFFFFF31
:10AB2C000000000000000000000000000000000019
:10AB3C000000000000000000000000000000000009
:10AB4C0000000000000000000000000000000000F9
:10AB5C0000000000000000000000000000000000E9
:10AB6C0000000000000000000000000000000000D9
:10AB7C0000000000000000000000000000000000C9
:10AB8C0000000000000000000000000000000000B9
:10AB9C0000000000000000000000000000000000A9
:10ABAC000000000000000000000000000000000099
:10ABBC000000000000000000000000000000000089
:10ABCC000000000000000000000000000000000079
:10ABDC000000000000000000000000000000000069
:10ABEC000000000000000000000000000000000059
:10ABFC000000000000000000000000000000000049
:10AC0C000000000000000000000000000000000038
:10AC1C000000000000000000000000000000000028
:10AC2C000000000000000000000000000000000018
:10AC3C000000000000000000000000000000000008
:10AC4C0000000000000000000000000000000000F8
:10AC5C0000000000000000000000000000000000E8
:10AC6C0000000000000000000000000000000000D8
:10AC7C0000000000000000000000000000000000C8
:10AC8C0000000000000000000000000000000000B8
:10AC9C0000000000000000000000000000000000A8
:10ACAC000000000000000000000000000000000098
:10ACBC000000000000000000000000000000000088
:10ACCC000000000000000000000000000000000078
:10ACDC000000000000000000000000000000000068
:10ACEC000000000000000000000000000000000058
:10ACFC000000000000000000000000000000000048
:10AD0C000000000000000000000000000000000037
:10AD1C000000000000000000000000000000000027
:10AD2C000000000000000000000000000000000017
:10AD3C000000000000000000000000000000000007
:10AD4C0000000000000000000000000000000000F7
:10AD5C0000000000000000000000000000000000E7
:10AD6C0000000000000000000000000000000000D7
:10AD7C0000000000000000000000000000000000C7
:10AD8C0000000000000000000000000000000000B7
:10AD9C0000000000000000000000000000000000A7
:10ADAC000000000000000000000000000000000097
:10ADBC000000000000000000000000000000000087
:10ADCC000000000000000000000000000000000077
:10ADDC000000000000000000000000000000000067
:10ADEC000000000000000000000000000000000057
:10ADFC000000000000000000000000000000000047
:10AE0C000000000000000000000000000000000036
:10AE1C000000000000000000000000000000000026
:10AE2C000000000000000000000000000000000016
:10AE3C000000000000000000000000000000000006
:10AE4C0000000000000000000000000000000000F6
:10AE5C0000000000000000000000000000000000E6
:10AE6C0000000000000000000000000000000000D6
:10AE7C0000000000000000000000000000000000C6
:10AE8C0000000000000000000000000000000000B6
:10AE9C0000000000000000000000000000000000A6
:10AEAC000000000000000000000000000000000096
:10AEBC000000000000000000000000000000000086
:10AECC000000000000000000000000000000000076
:10AEDC000000000000000000000000000000000066
:10AEEC000000000000000000000000000000000056
:10AEFC000000000000000000000000000000000046
:10AF0C000000000000000000000000000000000035
:10AF1C000000000000000000000000000000000025
:10AF2C000000000000000000000000000000000015
:10AF3C000000000000000000000000000000000005
:10AF4C0000000000000000000000000000000000F5
:10AF5C0000000000000000000000000000000000E5
:10AF6C0000000000000000000000000000000000D5
:10AF7C0000000000000000000000000000000000C5
:10AF8C0000000000000000000000000000000000B5
:10AF9C0000000000000000000000000000000000A5
:10AFAC000000000000000000000000000000000095
:10AFBC000000000000000000000000000000000085
:10AFCC000000000000000000000000000000000075
:10AFDC000000000000000000000000000000000065
:10AFEC000000000000000000000000000000000055
:10AFFC000000000000000000000000000000000045
:10B00C000000000000000000000000000000000034
:10B01C000000000000000000000000000000000024
:10B02C000000000000000000000000000000000014
:10B03C000000000000000000000000000000000004
:10B04C0000000000000000000000000000000000F4
:10B05C0000000000000000000000000000000000E4
:10B06C0000000000000000000000000000000000D4
:10B07C0000000000000000000000000000000000C4
:10B08C0000000000000000000000000000000000B4
:10B09C0000000000000000000000000000000000A4
:10B0AC000000000000000000000000000000000094
:10B0BC000000000000000000000000000000000084
:10B0CC000000000000000000000000000000000074
:10B0DC000000000000000000000000000000000064
:10B0EC000000000000000000000000000000000054
:10B0FC000000000000000000000000000000000044
:10B10C000000000000000000000000000000000033
:10B11C000000000000000000000000000000000023
:10B12C000000000000000000000000000000000013
:10B13C000000000000000000000000000000000003
:10B14C0000000000000000000000000000000000F3
:10B15C0000000000000000000000000000000000E3
:10B16C0000000000000000000000000000000000D3
:10B17C0000000000000000000000000000000000C3
:10B18C0000000000000000000000000000000000B3
:10B19C0000000000000000000000000000000000A3
:10B1AC000000000000000000000000000000000093
:10B1BC000000000000000000000000000000000083
:10B1CC000000000000000000000000000000000073
:10B1DC000000000000000000000000000000000063
:10B1EC000000000000000000000000000000000053
:10B1FC000000000000000000000000000000000043
:10B20C000000000000000000000000000000000032
:10B21C000000000000000000000000000000000022
:10B22C000000000000000000000000000000000012
:10B23C000000000000000000000000000000000002
:10B24C0000000000000000000000000000000000F2
:10B25C0000000000000000000000000000000000E2
:10B26C0000000000000000000000000000000000D2
:10B27C0000000000000000000000000000000000C2
:10B28C0000000000000000000000000000000000B2
:10B29C0000000000000000000000000000000000A2
:10B2AC000000000000000000000000000000000092
:10B2BC000000000000000000000000000000000082
:10B2CC000000000000000000000000000000000072
:10B2DC000000000000000000000000000000000062
:10B2EC000000000000000000000000000000000052
:10B2FC000000000000000000000000000000000042
:10B30C000000000000000000000000000000000031
:10B31C000000000000000000000000000000000021
:10B32C000000000000000000000000000000000011
:10B33C000000000000000000000000000000000001
:10B34C0000000000000000000000000000000000F1
:10B35C0000000000000000000000000000000000E1
:10B36C0000000000000000000000000000000000D1
:10B37C0000000000000000000000000000000000C1
:10B38C0000000000000000000000000000000000B1
:10B39C0000000000000000000000000000000000A1
:03B3AC000000009E
:10B3AF00000000000000000000000000000000008E
:10B3BF00000000000000000000000000000000007E
:10B3CF00000000000000000000000000000000006E
:0DB3DF000000000000000000000000000061
:10B3EC000000000000000000000000000000000051
:01B3FC000050
:040000050800220DC0
:00000001FF
